{"id":"2e330228-28ae-4a44-a743-4113be60d539","name":"Cloud UAT","values":[{"key":"baseUrl","value":"https://swissre-uat.cloudinsurer.com","enabled":true},{"key":"clientID","value":"","enabled":true},{"key":"transactionID","value":"","enabled":true},{"key":"PolicyId","value":"","enabled":true},{"key":"sendHiddenAttributes","value":"","enabled":true},{"key":"InsuredId","value":"","enabled":true},{"key":"AddressId","value":"","enabled":true},{"key":"ProducerId","value":"","enabled":true},{"key":"ProducerContact","value":"","enabled":true},{"key":"LOB_WXId","value":"","enabled":true},{"key":"SICCode","value":"","enabled":true}]}