{"id":"5fd2a1e1-8b13-4189-b4e0-44b41f7aff0a","name":"Cloud Dev","values":[{"key":"baseUrl","value":"https://swissre-qa.cloudinsurer.com","enabled":true},{"key":"PolicyId","value":"","enabled":true},{"key":"clientID","value":"","enabled":true},{"key":"sendHiddenAttributes","value":"","enabled":true},{"key":"transactionID","value":"","enabled":true},{"key":"InsuredId","value":"","enabled":true},{"key":"AddressId","value":"","enabled":true},{"key":"ContactId","value":"","enabled":true},{"key":"ProducerId","value":"","enabled":true},{"key":"ProducerContact","value":"","enabled":true},{"key":"BusinessIncomeWorksheet","value":"","enabled":true},{"key":"CertificateOfInsuranceRetention","value":"","enabled":true},{"key":"CertificateofOccupancy","value":"","enabled":true},{"key":"DescriptiveNatureOfProposal","value":"","enabled":true},{"key":"FavorableLossControlSurvey","value":"","enabled":true},{"key":"InternationalTrade","value":"","enabled":true},{"key":"LegalAndRegulatoryDisclaimer","value":"","enabled":true},{"key":"LossRuns","value":"","enabled":true},{"key":"MarketingInformation","value":"","enabled":true},{"key":"NoNewOccurrencesorLosses","value":"","enabled":true},{"key":"OtherSubjectivity1","value":"","enabled":true},{"key":"OtherSubjectivity2","value":"","enabled":true},{"key":"OtherSubjectivity3","value":"","enabled":true},{"key":"OtherSubjectivity4","value":"","enabled":true},{"key":"OtherSubjectivity5","value":"","enabled":true},{"key":"ProducerClearance","value":"","enabled":true},{"key":"RightToRescendQuote","value":"","enabled":true},{"key":"TRIAForms","value":"","enabled":true},{"key":"UWTerms1","value":"","enabled":true},{"key":"UWTerms2","value":"","enabled":true},{"key":"UWTerms3","value":"","enabled":true},{"key":"UWTerms4","value":"","enabled":true},{"key":"UWTerms5","value":"","enabled":true},{"key":"LOB_WXId","value":"","enabled":true},{"key":"SICCode","value":"","enabled":true},{"key":"WXCPUSAPolicyCoverageoptionsId","value":"","enabled":true},{"key":"UnnamedLOCPD","value":"","enabled":true},{"key":"UnnamedLOCTEEE","value":"","enabled":true},{"key":"WXCPUSATerrorismCoverageId","value":"","enabled":true},{"key":"WXCPUSAEPolicyEnhancementOptionId","value":"","enabled":true},{"key":"WXCPUSAEPolicyEnhanFactOptId1","value":"","enabled":true},{"key":"WXCPUSAEPolicyEnhanFactOptId2","value":"","enabled":true},{"key":"WXCPUSAEPolicyEnhanFactOptId3","value":"","enabled":true},{"key":"WXCPUSAEPolicyEnhanFactOptId4","value":"","enabled":true},{"key":"WXCPUSAEPolicyEnhanFactOptId5","value":"","enabled":true},{"key":"WXCPUSAEQBreakdownCoverageId","value":"","enabled":true},{"key":"EBAmmoniaContamination","value":"","enabled":true},{"key":"EBConsequentialspoilagedamage","value":"","enabled":true},{"key":"EBDemolitionIncreasedCostofConstruction","value":"","enabled":true},{"key":"EBExpeditingExpenses","value":"","enabled":true},{"key":"EBHazardousSubstances","value":"","enabled":true},{"key":"EquipmentBreakdown","value":"","enabled":true},{"key":"WXCPUSAPolicyCovOptNatcatPerilId","value":"","enabled":true},{"key":"ConvectiveStormHighHazard","value":"","enabled":true},{"key":"ConvectiveStormRestofUS","value":"","enabled":true},{"key":"EarthMovementHighHazard","value":"","enabled":true},{"key":"EarthMovementNewMadrid","value":"","enabled":true},{"key":"EarthMovementPNW","value":"","enabled":true},{"key":"EarthMovementRestofUS","value":"","enabled":true},{"key":"FloodHighhazard","value":"","enabled":true},{"key":"FloodModeratehazard","value":"","enabled":true},{"key":"FloodRestofUS","value":"","enabled":true},{"key":"Hail","value":"","enabled":true},{"key":"NamedWindstormRestofUS","value":"","enabled":true},{"key":"NamedWindstormSecondaryCritical","value":"","enabled":true},{"key":"NamedWindstormTier1Critical","value":"","enabled":true},{"key":"NamedWindstormTier2Critical","value":"","enabled":true},{"key":"Winterstorm","value":"","enabled":true},{"key":"WXCPUSAPolicyCovOptNatcatPrlRatId","value":"","enabled":true},{"key":"WXCPUSAPolicyCovOptOthManmadeId","value":"","enabled":true},{"key":"AccountReceivable","value":"","enabled":true},{"key":"AttractionProperty","value":"","enabled":true},{"key":"BusinessIncomeNewlyAcquired","value":"","enabled":true},{"key":"BusinessIncomeOrdinaryPayroll","value":"","enabled":true},{"key":"ContingentTIMEELEMENTLOCATIONS","value":"","enabled":true},{"key":"ContractPenalties","value":"","enabled":true},{"key":"ControlofDamagedProperty","value":"","enabled":true},{"key":"DataRestoration","value":"","enabled":true},{"key":"DebrisRemoval","value":"","enabled":true},{"key":"DecontaminationExpense","value":"","enabled":true},{"key":"DefenseCost","value":"","enabled":true},{"key":"DemolitionCostIncreasedCostofConstructionPDTECombined","value":"","enabled":true},{"key":"DemolitionIncreasedCostofConstructionPDTECombined","value":"","enabled":true},{"key":"ElectronicDataProcessing","value":"","enabled":true},{"key":"ErrorsandOmmissions","value":"","enabled":true},{"key":"ExhibitionsExpositionsFairsorTradeShows","value":"","enabled":true},{"key":"ExtendedPeriodofLiabilityBIandRentalInsurance","value":"","enabled":true},{"key":"ExtraExpenseandExpeditingExpensescombined","value":"","enabled":true},{"key":"FineArts","value":"","enabled":true},{"key":"FireandPoliceDepartmentServiceCharge","value":"","enabled":true},{"key":"IngressEgress","value":"","enabled":true},{"key":"InstallationFloater","value":"","enabled":true},{"key":"InstallmentorDeferredPayments","value":"","enabled":true},{"key":"LandAndWaterContaminantsCleanupRemovalAndDisposal","value":"","enabled":true},{"key":"LandImprovements","value":"","enabled":true},{"key":"LocksandMasterKeys","value":"","enabled":true},{"key":"MiscellaneousUnnamedLocations","value":"","enabled":true},{"key":"MoldEnsuingfromanInsuredCauseofLoss","value":"","enabled":true},{"key":"NewlyAcquiredPropertyPDTECombined","value":"","enabled":true},{"key":"NewlyAcquiredPropertyPersonalProperty","value":"","enabled":true},{"key":"NewlyAcquiredPropertyRealProperty","value":"","enabled":true},{"key":"NewlyAcquiredPropertyTimeElement","value":"","enabled":true},{"key":"OrderofCivilorMilitaryAuthority","value":"","enabled":true},{"key":"PERSONALPROPERTYOFOTHERS","value":"","enabled":true},{"key":"PERSONALPROPERTYofInsuredsofficersandemployees","value":"","enabled":true},{"key":"ProfessionalFees","value":"","enabled":true},{"key":"RentalInsurance","value":"","enabled":true},{"key":"ResearchandDevelopmentCosts","value":"","enabled":true},{"key":"SprinklerLekage","value":"","enabled":true},{"key":"TemporaryRemovalofProperty","value":"","enabled":true},{"key":"Transportation","value":"","enabled":true},{"key":"ValuablepapersandRecords","value":"","enabled":true},{"key":"WaterDamage","value":"","enabled":true},{"key":"CWxLocations","value":"","enabled":true},{"key":"WX_LOCId","value":"","enabled":true},{"key":"AddressIdLoc","value":"","enabled":true},{"key":"LOCAddColName","value":"","enabled":true},{"key":"LOCAddColval","value":"","enabled":true},{"key":"LocationCity","value":"","enabled":true},{"key":"LocationCounty","value":"","enabled":true},{"key":"LocationLine1","value":"","enabled":true},{"key":"LocationStateDesc","value":"","enabled":true},{"key":"LocationZipCode","value":"","enabled":true},{"key":"BuildOccupancy","value":"","enabled":true},{"key":"BuildingGID","value":"","enabled":true},{"key":"PicCode","value":"","enabled":true},{"key":"WXCPUSABuildingDetailsId","value":"","enabled":true},{"key":"WXCPUSABuildingCoverageOptionId","value":"","enabled":true},{"key":"EBPDDeductible","value":"","enabled":true},{"key":"EBPDLimit","value":"","enabled":true},{"key":"EBTEDeductible","value":"","enabled":true},{"key":"EBTELimit","value":"","enabled":true},{"key":"WXCPUSAEBuildingEqbreakdownId","value":"","enabled":true},{"key":"AmmoniaB","value":"","enabled":true},{"key":"DemoICCB","value":"","enabled":true},{"key":"ExpeditingExB","value":"","enabled":true},{"key":"OffsitePDB","value":"","enabled":true},{"key":"OffsiteTEB","value":"","enabled":true},{"key":"SpoilageB","value":"","enabled":true},{"key":"WaterdamB","value":"","enabled":true},{"key":"WXCPUSASTANDARDINCLUSIONSId","value":"","enabled":true},{"key":"BOffsitePDB","value":"","enabled":true},{"key":"WXCPUSATERRORISMCOVERAGEId","value":"","enabled":true},{"key":"Ammonia","value":"","enabled":true},{"key":"DemoICC","value":"","enabled":true},{"key":"ExpeditingEx","value":"","enabled":true},{"key":"Ingress","value":"","enabled":true},{"key":"Landwater","value":"","enabled":true},{"key":"OffsitePD","value":"","enabled":true},{"key":"OffsiteTE","value":"","enabled":true},{"key":"CostingID","value":"","enabled":true},{"key":"DealID","value":"","enabled":true},{"key":"PartnerID","value":"","enabled":true},{"key":"id","value":"","enabled":true},{"key":"lmsDealId","value":"","enabled":true},{"key":"dealid","value":"","enabled":true},{"key":"sovid","value":"","enabled":true},{"key":"costingId","value":"","enabled":true},{"key":"dealId","value":"","enabled":true},{"key":"sovId","value":"","enabled":true},{"key":"locationID1","value":"","enabled":true},{"key":"locationID2","value":"","enabled":true},{"key":"geoEncode","value":"","enabled":true},{"key":"scenarioId","value":"","enabled":true},{"key":"ScenarioLocationId1","value":"","enabled":true},{"key":"ScenarioLocationId2","value":"","enabled":true},{"key":"ScenarioLocationId3","value":"","enabled":true},{"key":"token","value":"","enabled":true},{"key":"DealInfoId","value":"","enabled":true},{"key":"PolicyEndorsementsId","value":"","enabled":true},{"key":"PRODUCT_MLUId","value":"","enabled":true},{"key":"SelectedLobs1","value":"","enabled":true},{"key":"SelectedLobs2","value":"","enabled":true},{"key":"SelectedLobs3","value":"","enabled":true},{"key":"LOB_PEId","value":"","enabled":true},{"key":"PEPerilsId1","value":"","enabled":true},{"key":"PEPerilsId2","value":"","enabled":true},{"key":"PEPerilsId3","value":"","enabled":true},{"key":"PEPerilsId4","value":"","enabled":true},{"key":"PREMEAPerilId1","value":"","enabled":true},{"key":"PREMEAPerilId2","value":"","enabled":true},{"key":"PREMEAPerilId","value":"","enabled":true}]}