{"id":"65107b56-5ceb-4a3d-8ce8-2b1f6417a9b0","name":"Dev Copy","values":[{"key":"CostingURL","value":"https://csmc-capi-train2.azurewebsites.net","enabled":true},{"key":"SOVUrl","value":"https://corso.api1-np.swissre.com/corsolms-gate/train2/","enabled":true},{"key":"baseUrl","value":"https://swissre-dev.cloudinsurer.com/mic/microservices/","enabled":true},{"key":"PolicyId","value":"19699","enabled":true},{"key":"clientID","value":"vWcqVbarmjheR29ECZzBfvhDysEdSw2EGgaHs3Kr::0.21995021733027642::0.8747474489780457","enabled":true},{"key":"sendHiddenAttributes","value":"Y","enabled":true},{"key":"transactionID","value":"QUOTE_19699","enabled":true},{"key":"InsuredId","value":"","enabled":true}]}