{"id":"abdcf057-e158-4950-b8ec-ff925823096c","name":"LMS_DETAILS_ENVIRONMENT","values":[{"key":"costingId","value":"","enabled":true},{"key":"dealId","value":"","enabled":true},{"key":"sovId","value":"","enabled":true},{"key":"geoEncode","value":"","enabled":true},{"key":"scenarioId","value":"","enabled":true},{"key":"locationID1","value":"","enabled":true},{"key":"ScenarioLocationId1","value":"","enabled":true},{"key":"ScenarioLocationId2","value":"","enabled":true},{"key":"locationID2","value":"","enabled":true}]}