{"info":{"_postman_id":"0d421691-9f3d-49e8-a809-73d6c4572a2b","name":"uploadMultiplefiles","schema":"https://schema.getpostman.com/json/collection/v2.1.0/collection.json"},"item":[{"name":"http://hkw20171763:9099/api/performancev2/uploadMultipleFiles","id":"5bf51dd0-c273-4013-9428-452333009163","protocolProfileBehavior":{"disableBodyPruning":true},"request":{"method":"POST","header":[{"key":"Content-Type","name":"Content-Type","value":"application/json","type":"text"}],"body":{"mode":"formdata","formdata":[{"key":"userName","value":"v.vikash@noexternalmail.hsbc.com","type":"text"},{"key":"isOverridden","value":"Yes","type":"text"},{"key":"jmxfile","value":null,"type":"file"},{"key":"datafiles","value":null,"type":"file"},{"key":"projectName","value":"2Aug_Test","type":"text"}]},"url":{"raw":"http://hkw20171763:9099/api/performancev2/uploadMultipleFiles","protocol":"http","host":["hkw20171763"],"port":"9099","path":["api","performancev2","uploadMultipleFiles"]},"description":"Upload Multiple Files\n"},"response":[]},{"name":"http://hkw20171763:9099/api/performancev2/uploadMultipleFiles Copy","id":"b039acd6-0b91-426e-913c-da25873126a1","protocolProfileBehavior":{"disableBodyPruning":true},"request":{"method":"POST","header":[{"key":"Content-Type","name":"Content-Type","value":"application/json","type":"text"}],"body":{"mode":"raw","raw":"{\r\n    \"exeType\": \"Now\",\r\n    \"scheduledTime\": \"\",\r\n    \"userEmailId\": \"shriganesh.munde@noexternalmail.hsbc.com\",\r\n    \"projName\": \"MobilePlatfraomProject\",\r\n    \"scriptName\": \"MobilePerformanceRun.jmx@cdb08952-d4a5-4822-90da-02b551c9890d\",\r\n    \"testType\": \"BreakPoint\",\r\n    \"scenarioName\": \"Project_2Scenario01\",\r\n    \"description\": \"Project Description\",\r\n    \"host\": \"\",\r\n    \"sla\": \"10\",\r\n    \"slaValue\": \"\",\r\n    \"exe\": \"NOW\",\r\n    \"source\": \"Mobile Platform\",\r\n    \"performanceVTFExpectedLevel\": \"null\",\r\n    \"psid\": \"null\",\r\n    \"tranSla\": {\r\n        \"Srini Testing\": 2\r\n    },\r\n    \"parameters\": {\r\n        \"NumberOfUsers\": 5,\r\n        \"RampUp\": 4,\r\n        \"RampUpSecond\": \"4\",\r\n        \"RampDown\": \"4\",\r\n        \"RampDownSecond\": \"4\",\r\n        \"DurationOfSteadyState\": \"150\"\r\n    }\r\n}"},"url":{"raw":"http://hkw20171763.hbap.adroot.hsbc:9099/api/performancev2/executeRunner","protocol":"http","host":["hkw20171763","hbap","adroot","hsbc"],"port":"9099","path":["api","performancev2","executeRunner"]},"description":"Upload Multiple Files\n"},"response":[]},{"name":"New Request","id":"8fa38467-2fd1-48a0-9100-8ac3f1b09c35","protocolProfileBehavior":{"disableBodyPruning":true},"request":{"method":"GET","header":[],"url":{"raw":"http://localhost:8080/wrapper/nodeStatus","protocol":"http","host":["localhost"],"port":"8080","path":["wrapper","nodeStatus"]}},"response":[]}]}