{"info":{"_postman_id":"15daa9a0-a955-4d49-8eff-19e03daed623","name":"5.1 Issues","schema":"https://schema.getpostman.com/json/collection/v2.1.0/collection.json"},"item":[{"name":"New Folder","item":[{"name":"New Request","id":"3c4c322a-c824-45bc-89a8-9d220eae27f5","protocolProfileBehavior":{"disableBodyPruning":true},"request":{"auth":{"type":"noauth"},"method":"GET","header":[],"url":{"raw":"http://hkw25014624.hbap.adroot.hsbc:8001/automation/services/download/framework","protocol":"http","host":["hkw25014624","hbap","adroot","hsbc"],"port":"8001","path":["automation","services","download","framework"]}},"response":[]},{"name":"New Request","id":"80784fcc-e956-4682-b146-b392f0a98cad","protocolProfileBehavior":{"disableBodyPruning":true},"request":{"method":"GET","header":[]},"response":[]},{"name":"New Request","id":"4ca95a4e-b24a-41e7-8288-4813bc7820be","protocolProfileBehavior":{"disableBodyPruning":true},"request":{"method":"POST","header":[],"url":{"raw":"http://hkw25014624.hbap.adroot.hsbc:8008/byp/trigger?accessToken=acd&url=https://alm-jenkins209.hc.cloud.uk.hsbc:8706/job/gqep-automation/job/Digital_Platform/job/splepipelinenewtest3/","protocol":"http","host":["hkw25014624","hbap","adroot","hsbc"],"port":"8008","path":["byp","trigger"],"query":[{"key":"accessToken","value":"acd"},{"key":"url","value":"https://alm-jenkins209.hc.cloud.uk.hsbc:8706/job/gqep-automation/job/Digital_Platform/job/splepipelinenewtest3/"}]}},"response":[]},{"name":"New Request","id":"3e004df5-ecc2-4dbc-9543-96138f842493","protocolProfileBehavior":{"disableBodyPruning":true},"request":{"method":"POST","header":[],"url":{"raw":"https://hkw25014624.hbap.adroot.hsbc:1234/v1/api/android-remote-logging/details?jobName=AnilSolankiGalaxy_M","protocol":"https","host":["hkw25014624","hbap","adroot","hsbc"],"port":"1234","path":["v1","api","android-remote-logging","details"],"query":[{"key":"jobName","value":"AnilSolankiGalaxy_M"}]}},"response":[]},{"name":"New Request","id":"521dc5e3-3418-499f-8627-8aa8720f9e62","protocolProfileBehavior":{"disableBodyPruning":true},"request":{"method":"GET","header":[],"url":{"raw":"http://localhost:8001/automation/services/htl/HmlDeviceList","protocol":"http","host":["localhost"],"port":"8001","path":["automation","services","htl","HmlDeviceList"]}},"response":[]},{"name":"New Request","id":"1480b144-0d68-4501-b5bf-2da662d8c476","protocolProfileBehavior":{"disableBodyPruning":true},"request":{"auth":{"type":"basic","basic":[{"key":"password","value":"Deep@012023","type":"string"},{"key":"username","value":"45219408","type":"string"},{"key":"showPassword","value":false,"type":"boolean"},{"key":"saveHelperData","type":"any"}]},"method":"POST","header":[],"url":{"raw":"http://localhost:7001/automation/services/device/reserve?userId=45219408&udid=122","protocol":"http","host":["localhost"],"port":"7001","path":["automation","services","device","reserve"],"query":[{"key":"userId","value":"45219408","type":"text"},{"key":"udid","value":"122","type":"text"}]}},"response":[]},{"name":"New Request","id":"5581c66d-15c0-4393-b215-2a4841a045ef","protocolProfileBehavior":{"disableBodyPruning":true},"request":{"method":"PUT","header":[],"url":{"raw":"http://localhost:8107/device/usage/release/283d2100-b130-4112-a8e6-5200427bf7b5/2023-01-30_16:12:04.253","protocol":"http","host":["localhost"],"port":"8107","path":["device","usage","release","283d2100-b130-4112-a8e6-5200427bf7b5","2023-01-30_16:12:04.253"]}},"response":[]},{"name":"New Request","id":"9410909a-a60e-4c18-8d95-f801f3f18c95","protocolProfileBehavior":{"disableBodyPruning":true},"request":{"method":"GET","header":[],"url":{"raw":"http://hkw25014624.hbap.adroot.hsbc:8004/log/android/OnlyXR_M/status","protocol":"http","host":["hkw25014624","hbap","adroot","hsbc"],"port":"8004","path":["log","android","OnlyXR_M","status"]}},"response":[]},{"name":"New Request","id":"ad9c7938-819e-4c48-bbf6-dffe85e18a0c","protocolProfileBehavior":{"disableBodyPruning":true},"request":{"method":"POST","header":[],"body":{"mode":"raw","raw":"{\"deviceName\":\"TESTING\",\"udid\":\"1245\",\"platformVersion\":\"123\",\"platformName\":\"Android\",\"nodeIp\":\"TESTing\",\"devicePort\":\"12356\",\"isRealDevice\":true}","options":{"raw":{"language":"json"}}},"url":{"raw":"http://hkw20179519.hbap.adroot.hsbc:9001/automation/services/registration","protocol":"http","host":["hkw20179519","hbap","adroot","hsbc"],"port":"9001","path":["automation","services","registration"]}},"response":[]}],"id":"ab7d2901-264b-4a82-836e-003b2d92e2dc"},{"name":"Load Balancer","id":"dd2a2c73-d245-41c1-9858-79c8fe7dc7d9","protocolProfileBehavior":{"disableBodyPruning":true},"request":{"method":"GET","header":[],"url":{"raw":"http://hkw20170761.hbap.adroot.hsbc:7272/wd/hubs","protocol":"http","host":["hkw20170761","hbap","adroot","hsbc"],"port":"7272","path":["wd","hubs"]}},"response":[]},{"name":"ORCH BYP SUPPORT","id":"a2ba9c9a-a4da-4cae-bc3e-70401bc2de59","protocolProfileBehavior":{"disableBodyPruning":true},"request":{"auth":{"type":"noauth"},"method":"POST","header":[],"url":{"raw":"http://hkw25014624.hbap.adroot.hsbc:8003/orch/byp/support?token=NDUyMTk0MDg6RGVlcEAwMTIwMjM=&url=https://alm-jenkins209.hc.cloud.uk.hsbc:8706/job/gqep-automation/job/Digital_Platform/job/SampleBypPipeline1/consoleText","protocol":"http","host":["hkw25014624","hbap","adroot","hsbc"],"port":"8003","path":["orch","byp","support"],"query":[{"key":"url","value":"https://alm-jenkins218.systems.uk.hsbc:8706/job/gqep-automation/job/POC_Prakash/job/POC_Ujjawal/job/SampleProjectForBYPfeature624grid_2/lastBuild/api/json","disabled":true},{"key":"token","value":"NDUyMTk0MDg6RGVlcEAwMTIwMjM="},{"key":"url","value":"https://alm-jenkins209.hc.cloud.uk.hsbc:8706/job/gqep-automation/job/Digital_Platform/job/SampleBypPipeline1/consoleText"}]}},"response":[]},{"name":"New Request","id":"024e418a-457b-4cbf-8ef9-a7353053af12","protocolProfileBehavior":{"disableBodyPruning":true},"request":{"method":"POST","header":[],"url":{"raw":"https://hkw20170761.hbap.adroot.hsbc:1234/v1/api/browserAutomation/get/browser/usage/user?psid=45219408&startDate=2023-01-16&endDate=2023-01-23","protocol":"https","host":["hkw20170761","hbap","adroot","hsbc"],"port":"1234","path":["v1","api","browserAutomation","get","browser","usage","user"],"query":[{"key":"psid","value":"45219408"},{"key":"startDate","value":"2023-01-16"},{"key":"endDate","value":"2023-01-23"}]}},"response":[]},{"name":"HML RESERVE DEVICE","id":"6575715c-2c2f-4fc4-aab4-ec01d8ddbc94","protocolProfileBehavior":{"disableBodyPruning":true},"request":{"method":"GET","header":[]},"response":[]},{"name":"New Request","id":"a1af8f78-6ebb-4d5b-a77d-87b6e619c09b","protocolProfileBehavior":{"disableBodyPruning":true},"request":{"auth":{"type":"noauth"},"method":"POST","header":[],"url":{"raw":"http://localhost:1111/v1/deployment/run?url=https://alm-jenkins209.hc.cloud.uk.hsbc:8706/job/gqep-automation/job/GCP_GKE_pipeline/job/Digital_Platform/job/Digital_Deployment_Pipeline1&gitUrl=https://alm-github.systems.uk.hsbc/Digital-Platform/automation-services.git&gitBranch=SonarFix_5.6","protocol":"http","host":["localhost"],"port":"1111","path":["v1","deployment","run"],"query":[{"key":"url","value":"https://alm-jenkins209.hc.cloud.uk.hsbc:8706/job/gqep-automation/job/GCP_GKE_pipeline/job/Digital_Platform/job/Digital_Deployment_Pipeline1"},{"key":"token","value":"NDUyMTk0MDg6RGVlcEAwMTIwMjM=","disabled":true},{"key":"gitUrl","value":"https://alm-github.systems.uk.hsbc/Digital-Platform/automation-services.git"},{"key":"gitBranch","value":"SonarFix_5.6"}]}},"response":[]},{"name":"New Request Copy","id":"d8479f33-f363-4b77-88f5-de5d64ad962b","protocolProfileBehavior":{"disableBodyPruning":true},"request":{"auth":{"type":"noauth"},"method":"POST","header":[],"url":{"raw":"http://localhost:1111/v1/deployment/trigger","protocol":"http","host":["localhost"],"port":"1111","path":["v1","deployment","trigger"]}},"response":[]},{"name":"New Request","id":"63874809-0254-4fc9-8414-ffb0dc0e11c6","protocolProfileBehavior":{"disableBodyPruning":true},"request":{"method":"GET","header":[],"url":{"raw":"https://hkw25014624.hbap.adroot.hsbc:1234/v1/api/android-remote-logging/jobStatus?udid=RZ8M21VMRYR&platform=Android","protocol":"https","host":["hkw25014624","hbap","adroot","hsbc"],"port":"1234","path":["v1","api","android-remote-logging","jobStatus"],"query":[{"key":"udid","value":"RZ8M21VMRYR"},{"key":"platform","value":"Android"}]}},"response":[]}]}