{"info":{"_postman_id":"190f1526-f951-447a-bd3c-3220678e0d44","name":"PerformanceTESTDigitalPlatform","schema":"https://schema.getpostman.com/json/collection/v2.1.0/collection.json"},"item":[{"name":"Fetch USERS","id":"07a3989a-07fa-4597-b717-32e1077330ba","protocolProfileBehavior":{"disableBodyPruning":true},"request":{"method":"GET","header":[],"url":{"raw":"https://hic-digitalplatformprodapi.hc.cloud.hk.hsbc:1234/v1/api/user-management/users","protocol":"https","host":["hic-digitalplatformprodapi","hc","cloud","hk","hsbc"],"port":"1234","path":["v1","api","user-management","users"]}},"response":[]},{"name":"GET PROJECT LIST","id":"7d898911-e865-4abb-b255-08632f8860ad","protocolProfileBehavior":{"disableBodyPruning":true},"request":{"method":"GET","header":[],"url":{"raw":"https://hic-digitalplatformprodapi.hc.cloud.hk.hsbc:1234/v1/api/user-management/get/projects","protocol":"https","host":["hic-digitalplatformprodapi","hc","cloud","hk","hsbc"],"port":"1234","path":["v1","api","user-management","get","projects"]}},"response":[]},{"name":"ROLE of USER","id":"ecb42915-7684-414a-b1b3-d65695069c7e","protocolProfileBehavior":{"disableBodyPruning":true},"request":{"method":"POST","header":[],"url":{"raw":"https://hic-digitalplatformprodapi.hc.cloud.hk.hsbc:1234/v1/api/user-management/usage/role?psid=45219408","protocol":"https","host":["hic-digitalplatformprodapi","hc","cloud","hk","hsbc"],"port":"1234","path":["v1","api","user-management","usage","role"],"query":[{"key":"psid","value":"45219408"}]}},"response":[]},{"name":"Validate User","id":"33b256a1-7346-43c7-a4ec-5b57f815c5bb","protocolProfileBehavior":{"disableBodyPruning":true},"request":{"method":"POST","header":[],"url":{"raw":"https://hic-digitalplatformprodapi.hc.cloud.hk.hsbc:1234/v1/api/user-management/validate?psid=11111111","protocol":"https","host":["hic-digitalplatformprodapi","hc","cloud","hk","hsbc"],"port":"1234","path":["v1","api","user-management","validate"],"query":[{"key":"psid","value":"11111111"}]}},"response":[]},{"name":"Devices","id":"01662043-8e39-432d-8be8-cd7e8f8b29c9","protocolProfileBehavior":{"disableBodyPruning":true},"request":{"method":"GET","header":[],"url":{"raw":"https://hic-digitalplatformprodapi.hc.cloud.hk.hsbc:1234/v1/api/mobile-automation/devices?type=AUTO","protocol":"https","host":["hic-digitalplatformprodapi","hc","cloud","hk","hsbc"],"port":"1234","path":["v1","api","mobile-automation","devices"],"query":[{"key":"type","value":"AUTO"}]}},"response":[]},{"name":"BROWSER STATUS","id":"34cdb8b1-7377-422c-8f20-00b66fad22e6","protocolProfileBehavior":{"disableBodyPruning":true},"request":{"method":"GET","header":[],"url":{"raw":"https://hic-digitalplatformprodapi.hc.cloud.hk.hsbc:1234/v1/api/browserAutomation/get/browser/status","protocol":"https","host":["hic-digitalplatformprodapi","hc","cloud","hk","hsbc"],"port":"1234","path":["v1","api","browserAutomation","get","browser","status"]}},"response":[]},{"name":"Devices Details","id":"8ecb42fd-96ad-4345-b0e5-6cbfea7e4d19","protocolProfileBehavior":{"disableBodyPruning":true},"request":{"method":"GET","header":[],"url":{"raw":"https://hic-digitalplatformprodapi.hc.cloud.hk.hsbc:1234/v1/api/mobile-automation/deviceDetails","protocol":"https","host":["hic-digitalplatformprodapi","hc","cloud","hk","hsbc"],"port":"1234","path":["v1","api","mobile-automation","deviceDetails"]}},"response":[]},{"name":"RESERVE DEVICE","id":"4e4e4e93-ccfa-49a5-bc4c-c60ba0f04041","protocolProfileBehavior":{"disableBodyPruning":true},"request":{"method":"POST","header":[],"url":{"raw":"https://hic-digitalplatformprodapi.hc.cloud.hk.hsbc:1234/v1/api/mobile-automation/device/reserve?userId=45219408&udid=RZCW90Q6C9K","protocol":"https","host":["hic-digitalplatformprodapi","hc","cloud","hk","hsbc"],"port":"1234","path":["v1","api","mobile-automation","device","reserve"],"query":[{"key":"userId","value":"45219408"},{"key":"udid","value":"RZCW90Q6C9K"}]}},"response":[]},{"name":"RELEASE DEVICE","id":"63e3bd67-f65e-429c-bec3-64d594a3af7c","protocolProfileBehavior":{"disableBodyPruning":true},"request":{"method":"POST","header":[],"url":{"raw":"https://hic-digitalplatformprodapi.hc.cloud.hk.hsbc:1234/v1/api/mobile-automation/device/release?userId=45219408&udid=RZCW90Q6C9K","protocol":"https","host":["hic-digitalplatformprodapi","hc","cloud","hk","hsbc"],"port":"1234","path":["v1","api","mobile-automation","device","release"],"query":[{"key":"userId","value":"45219408"},{"key":"udid","value":"RZCW90Q6C9K"}]}},"response":[]},{"name":"DEVICE USAGE","id":"8702cf2f-b6a7-454a-9c2c-0f4a8b2fa1fe","protocolProfileBehavior":{"disableBodyPruning":true},"request":{"method":"POST","header":[],"url":{"raw":"https://hic-digitalplatformprodapi.hc.cloud.hk.hsbc:1234/v1/api/mobile-automation/device/usage/user?psid=45219408&startDate=2024-01-17&endDate=2024-01-17","protocol":"https","host":["hic-digitalplatformprodapi","hc","cloud","hk","hsbc"],"port":"1234","path":["v1","api","mobile-automation","device","usage","user"],"query":[{"key":"psid","value":"45219408"},{"key":"startDate","value":"2024-01-17"},{"key":"endDate","value":"2024-01-17"}]}},"response":[]}]}