{"info":{"_postman_id":"1f05e84a-5aa3-4184-875c-66b6c4e011f6","name":"APICollection","schema":"https://schema.getpostman.com/json/collection/v2.1.0/collection.json"},"item":[{"name":"http://hkw20133779.hbap.adroot.hsbc:9099/api/performancev2/executeStatus/16532?scriptName=HSBCScript_Latest.jmx@41e51bf4-2504-4d11-88f8-0674205dc91b","id":"997cbfd7-731d-4b3d-8ab4-4a052c4410c5","protocolProfileBehavior":{"disableBodyPruning":true},"request":{"method":"GET","header":[],"url":{"raw":"http://hkw20171763.hbap.adroot.hsbc:7899/api/performancev2/executeStatus/13814?scriptName=HSBC02.jmx@4f3842c4-79cd-4018-baa6-ccaf5aad2869","protocol":"http","host":["hkw20171763","hbap","adroot","hsbc"],"port":"7899","path":["api","performancev2","executeStatus","13814"],"query":[{"key":"scriptName","value":"HSBC02.jmx@4f3842c4-79cd-4018-baa6-ccaf5aad2869"}]},"description":"For Execute Status"},"response":[]},{"name":"http://hkw20133779.hbap.adroot.hsbc:9099/api/performancev2/getReportUrl/16532","id":"f428c521-d2f0-4b0a-bf21-4a0474f403ec","protocolProfileBehavior":{"disableBodyPruning":true},"request":{"method":"GET","header":[],"url":{"raw":"http://hkw20133779.hbap.adroot.hsbc:9099/api/performancev2/getReportUrl/16532","protocol":"http","host":["hkw20133779","hbap","adroot","hsbc"],"port":"9099","path":["api","performancev2","getReportUrl","16532"]},"description":"Get Report Url"},"response":[]},{"name":"UploadMultiple Files","id":"98c380be-4794-476c-a05c-d61032be2611","protocolProfileBehavior":{"disableBodyPruning":true},"request":{"method":"POST","header":[],"body":{"mode":"formdata","formdata":[{"key":"userName","value":"rohit.sammanwar@noexternalmail.hsbc.com","type":"text"},{"key":"isOverridden","value":"Yes","type":"text"},{"key":"projectName","value":"MobilePlatfraomProject","type":"text"},{"key":"jmxfile","type":"file","src":"/C:/Users/45219408/Downloads/HSBC02.jmx"},{"key":"datafiles","type":"file","value":null,"disabled":true}]},"url":{"raw":"http://hkw20171763.hbap.adroot.hsbc:7899/api/performancev2/uploadMultipleFiles","protocol":"http","host":["hkw20171763","hbap","adroot","hsbc"],"port":"7899","path":["api","performancev2","uploadMultipleFiles"]},"description":"Upload Multiple Files"},"response":[]},{"name":"http://hkw20133779.hbap.adroot.hsbc:9099/api/performancev2/executeRunner","id":"40e3c33b-21cd-4773-949c-9938fea5bdea","protocolProfileBehavior":{"disableBodyPruning":true},"request":{"method":"POST","header":[{"key":"Content-Type","name":"Content-Type","value":"application/json","type":"text"}],"body":{"mode":"raw","raw":"{\n    \"exeType\": \"Now\",\n    \"scheduledTime\": \"nullTnull\",\n    \"userEmailId\": \"v.vikash@noexternalmail.hsbc.com\",\n    \"projName\": \"Vikash_Project1\",\n    \"scriptName\": \"HSBCScript_Latest.jmx@3d2b9acf-e69d-4667-9409-f501b82f36eb\",\n    \"testType\": \"Load\",\n    \"scenarioName\": \"Bik90909\",\n    \"description\": \"Bik9089\",\n    \"host\": \"\",\n    \"sla\": \"1\",\n    \"slaValue\": \"\",\n    \"exe\": \"NOW\",\n    \"tranSla\": {\n        \"TG1Trans1\": \" \",\n        \"TG1Trans2\": \" \",\n        \"TG1Trans3\": \" \",\n        \"TG1Trans4\": \" \",\n        \"TG1Trans5\": \" \"\n    },\n    \"parameters\": [\n        {\n            \"NumberOfUsers1\": \"10\",\n            \"RampUpUsers1\": \"2\",\n            \"RampUpSecond1\": \"2\",\n            \"RampDownUsers1\": \"2\",\n            \"RampDownSecond1\": \"2\",\n            \"TestDuration1\": \"120\"\n        }\n    ],\n    \"dataCenter\": [\n        {\n            \"name\": \"auto\",\n            \"value\": \"100\"\n        }\n    ],\n    \"performanceVTFExpectedLevel\": \"LOW\"\n}"},"url":{"raw":"http://hkw20171763.hbap.adroot.hsbc:7899/api/performancev2/executeRunner","protocol":"http","host":["hkw20171763","hbap","adroot","hsbc"],"port":"7899","path":["api","performancev2","executeRunner"]},"description":"Execute runner"},"response":[]},{"name":"Execute Runner","id":"85b157f3-0895-487e-b64f-b16d060b5894","protocolProfileBehavior":{"disableBodyPruning":true},"request":{"method":"POST","header":[{"key":"Content-Type","name":"Content-Type","value":"application/json","type":"text"}],"body":{"mode":"raw","raw":"{\r\n    \"exeType\": \"Now\",\r\n    \"scheduledTime\": \"\",\r\n    \"userEmailId\": \"shriganesh.munde@noexternalmail.hsbc.com\",\r\n    \"projName\": \"MobilePlatfraomProject\",\r\n    \"scriptName\": \"MobilePerformanceRun.jmx@bd93c2ab-b75c-4eda-a8de-ec56a597839e\",\r\n    \"testType\": \"BreakPoint\",\r\n    \"scenarioName\": \"Project_2Scenario01\",\r\n    \"description\": \"Project Description\",\r\n    \"host\": \"\",\r\n    \"sla\": \"10\",\r\n    \"slaValue\": \"\",\r\n    \"exe\": \"NOW\",\r\n    \"source\": \"Mobile Platform\",\r\n    \"performanceVTFExpectedLevel\": \"null\",\r\n    \"psid\": \"null\",\r\n    \"tranSla\": {\r\n        \"Srini Testing\": 2\r\n    },\r\n    \"parameters\": {\r\n        \"NumberOfUsers\": 8,\r\n        \"RampUp\": 2,\r\n        \"RampUpSecond\": \"2\",\r\n        \"RampDown\": \"2\",\r\n        \"RampDownSecond\": \"2\",\r\n        \"DurationOfSteadyState\": \"10\"\r\n    }\r\n}"},"url":{"raw":"http://hkw20171763.hbap.adroot.hsbc:7899/api/performancev2/executeRunner","protocol":"http","host":["hkw20171763","hbap","adroot","hsbc"],"port":"7899","path":["api","performancev2","executeRunner"]},"description":"Execute runner"},"response":[]},{"name":"GET LG","id":"2b065731-822f-46a0-8bc9-326e6d853227","protocolProfileBehavior":{"disableBodyPruning":true},"request":{"auth":{"type":"basic","basic":[{"key":"password","value":"Deep@2023","type":"string"},{"key":"username","value":"45219408","type":"string"},{"key":"showPassword","value":false,"type":"boolean"},{"key":"saveHelperData","type":"any"}]},"method":"POST","header":[],"body":{"mode":"raw","raw":"{\r\n    \"psid\": \"45219408\",\r\n    \"date\": \"2022-10-10 11:49:00\",\r\n    \"description\": \"testing\"\r\n}","options":{"raw":{"language":"json"}}},"url":{"raw":"http://localhost:8014/sentiment/analysis/jira/bug","protocol":"http","host":["localhost"],"port":"8014","path":["sentiment","analysis","jira","bug"]}},"response":[]}]}