{"info":{"_postman_id":"2cadd1b0-277d-44d5-b818-8bde9226d333","name":"Mail API","schema":"https://schema.getpostman.com/json/collection/v2.1.0/collection.json"},"item":[{"name":"PROD DOWNTIME MAIL","id":"0ec9961d-2e70-462e-9e2f-4a544bdb9307","protocolProfileBehavior":{"disableBodyPruning":true},"request":{"method":"POST","header":[{"key":"Content-Type","name":"Content-Type","type":"text","value":"application/json"}],"body":{"mode":"raw","raw":"{\n    \"tomail\": \"digitalplatform@noexternalmail.hsbc.com\",\n    \"frommail\": \"devops-digitalplatform@noexternalmail.hsbc.com\",\n    \"cc\": \"\",\n    \"subject\": \"Digital Platform Restoration Information\",\n    \"body\": \"Hi All,<br><br>Please note, Digital Platform is now up and available for executions.<br><br>In case there are any issues, please delete cookies & cache for browser before login again.<br><br>For any support, as usual you can reach out to <a href='mailto:digitalplatform@noexternalmail.hsbc.com'>#digitalplatform</a><br><br>Thanks & Regards,<br>Digital Platform Team\",\n    \"bcc\": \"\"\n}"},"url":{"raw":"http://hkw20170761.hbap.adroot.hsbc:6666/api/sendmail","protocol":"http","host":["hkw20170761","hbap","adroot","hsbc"],"port":"6666","path":["api","sendmail"]}},"response":[]},{"name":"DOWNTIME MAIL PRODUCTION","id":"80af1c9e-ecf2-480b-a808-473218a1fcdb","protocolProfileBehavior":{"disableBodyPruning":true},"request":{"method":"POST","header":[{"key":"Content-Type","name":"Content-Type","type":"text","value":"application/json"}],"body":{"mode":"raw","raw":"{\n    \"tomail\": \"digitalplatform@noexternalmail.hsbc.com\",  \n    \"frommail\": \"devops-digitalplatform@noexternalmail.hsbc.com\",\n    \"cc\": \"\",\n    \"subject\": \"Digital Platform Downtime Information\",\n    \"body\": \"Hi All,<br><br>Please note that, Digital Platform will be having scheduled downtime for critical updates.<br><b> Affected duration : 14th May, 2024 (6:15 PM to 8:30 PM India Time).</b><br><br><u><b>Execution will not work during the downtime,Please plan your activities accordingly.</b></u><br>We will send a confirmation once Digital Platform services resumes.<br><br> For any support, as usual you can reach out to <a href='mailto:digitalplatform@noexternalmail.hsbc.com'>#digitalplatform</a><br><br>Thanks & Regards,<br>Digital Platform Team\",\n    \"bcc\": \"\"\n}"},"url":{"raw":"http://hkw20170761.hbap.adroot.hsbc:6666/api/sendmail","protocol":"http","host":["hkw20170761","hbap","adroot","hsbc"],"port":"6666","path":["api","sendmail"]}},"response":[]},{"name":"NEW PRODUCTION ENV MOVE","id":"81fade68-3c83-48d7-8730-df4e91fe4ffc","protocolProfileBehavior":{"disableBodyPruning":true},"request":{"method":"POST","header":[{"key":"Content-Type","name":"Content-Type","type":"text","value":"application/json"}],"body":{"mode":"raw","raw":"{\n    \"tomail\": \"digitalplatform@noexternalmail.hsbc.com\",\n    \"frommail\": \"devops-digitalplatform@noexternalmail.hsbc.com\",\n    \"cc\": \"\",\n    \"subject\": \"Digital Platform Update!!!\",\n    \"body\": \"<FONT color=red>Reminder 2 !!</FONT><br><br>Hi All,<br><br>Please note that Digital Platform team is always trying to improve the User experience of our users and with that in mind, we are moving to a better and optimized instance of Digital Platform. Below are the details of the new instance: https://hic-digitalplatform.hc.cloud.hk.hsbc:5000/DigitalPlatform/login.html<br> <br>We have  also integrated  new HUB instance for browser executions. So Please update the automation scripts accordingly with new Capabilities.<br> <br>The older instance https://hkw20179519.hbap.adroot.hsbc:5000/DigitalPlatform/login.html will be removed by <u><b>15th May 2024</b></u> and we would strongly recommend everyone to start using the new instance.<br><br><b>There are no changes to User credentials.</b><br> <br>For any help, please raise a ticket https://alm-jira.systems.uk.hsbc/jira/servicedesk/customer/portal/18226<br> <br>Also you can reach out to Digital Platform's DL at <a href='digitalplatform@noexternalmail.hsbc.com'>#digitalplatform</a><br><br>Thanks &amp; Regards,<br>Digital Platform Team\",\n    \"bcc\": \"\"\n}"},"url":{"raw":"http://hkw20170761.hbap.adroot.hsbc:6666/api/sendmail","protocol":"http","host":["hkw20170761","hbap","adroot","hsbc"],"port":"6666","path":["api","sendmail"]}},"response":[]},{"name":"ALERT USAGE LIMIT Copy","id":"d5b54b8f-76c8-4252-9e27-a9e280d3c9c0","protocolProfileBehavior":{"disableBodyPruning":true},"request":{"method":"POST","header":[{"key":"Content-Type","name":"Content-Type","type":"text","value":"application/json"}],"body":{"mode":"raw","raw":"{\n    \"tomail\": \"dinesh.jadhav@noexternalmail.hsbc.com\",\n    \"frommail\": \"ADRESTEST-SVC-DIGL@adrestest.addev.hsbc\",\n    \"cc\": \"sarika.p.potnis@hsbc.co.in; sandhya.aghav@noexternalmail.hsbc.com\",\n    \"subject\": \"Alert: Usage Limit Reminder\",\n    \"body\": \"Hi,<br><br>Please note that your allotted Usage limit is going to be exhausted.<br>For any extension, please reach out to Digital Platform at qepdigitalplatform@noexternalmail.hsbc.com <br><br>Thanks & Regards,<br>QEP Digital Platform Team\",\n    \"bcc\": \"vaibhav.balkhande@hsbc.co.in;vivek.sinha@hsbc.co.in\"\n}"},"url":{"raw":"http://hkw20170761.hbap.adroot.hsbc:6666/api/sendmail","protocol":"http","host":["hkw20170761","hbap","adroot","hsbc"],"port":"6666","path":["api","sendmail"]}},"response":[]},{"name":"PROD DOWNTIME MAIL Copy 2","id":"5f1004d0-8262-4214-8e6c-5a0df4a65b47","protocolProfileBehavior":{"disableBodyPruning":true},"request":{"method":"POST","header":[{"key":"Content-Type","name":"Content-Type","type":"text","value":"application/json"}],"body":{"mode":"raw","raw":"{\n    \"tomail\": \"vaibhav.balkhande@hsbc.co.in\",\n    \"frommail\": \"ADRESTEST-SVC-DIGL@adrestest.addev.hsbc\",\n    \"cc\": \"\",\n    \"subject\": \"Access on Digital Platform Revoked\",\n    \"body\": \"Hi,<br><br>Your allotted Usage limit has been exhausted and your access has been blocked for Digital Platform.<br>Please reach out to Digital Platform at qepdigitalplatform@noexternalmail.hsbc.com <br><br>Thanks & Regards,<br>QEP Digital Platform Team\",\n    \"bcc\": \"deepesh.saraswat@noexternalmail.hsbc.com\"\n}"},"url":{"raw":"http://hkw20170761.hbap.adroot.hsbc:6666/api/sendmail","protocol":"http","host":["hkw20170761","hbap","adroot","hsbc"],"port":"6666","path":["api","sendmail"]}},"response":[]},{"name":"PROD UP MAIL","id":"5c137661-35ab-4e40-a8f1-6ae49a57d30b","protocolProfileBehavior":{"disableBodyPruning":true},"request":{"method":"POST","header":[{"key":"Content-Type","name":"Content-Type","type":"text","value":"application/json"}],"body":{"mode":"raw","raw":"{\n    \"tomail\": \"digitalplatform@noexternalmail.hsbc.com\",  \n    \"frommail\": \"devops-digitalplatform@noexternalmail.hsbc.com\",\n    \"cc\": \"\",\n    \"subject\": \"Digital Platform Service is Resumed Now\",\n    \"body\": \"Hi All,<br><br>Please note that, Digital Platform is now up and available for executions.<br>Digital platform browser versions had been upgraded for Chrome browser.<br><br><b> Chrome browser upgraded to version<FONT color=red> 123.0.6312.59 </FONT>from <FONT color=red>112.0.5615.138</FONT></b><br><br><u><b>Note: Please check all the capabilities from UI before execution.</b></u><br><br> For any support, as usual you can reach out to <a href='mailto:digitalplatform@noexternalmail.hsbc.com'>#digitalplatform</a><br><br>Thanks & Regards,<br>Digital Platform Team\",\n    \"bcc\": \"\"\n}"},"url":{"raw":"http://hkw20170761.hbap.adroot.hsbc:6666/api/sendmail","protocol":"http","host":["hkw20170761","hbap","adroot","hsbc"],"port":"6666","path":["api","sendmail"]}},"response":[]},{"name":"DIGL Account Dev hkw20170761 Restoration Copy","id":"715af6f0-3236-4dea-913e-4750c94eb61f","protocolProfileBehavior":{"disableBodyPruning":true},"request":{"method":"POST","header":[{"key":"Content-Type","name":"Content-Type","type":"text","value":"application/json"}],"body":{"mode":"raw","raw":"{\n    \"tomail\": \"edgar.nunez@hsbc.com.mx;sakthivel.gunasegaran@noexternalmail.hsbc.com;siva.chandran@noexternalmail.hsbc.com;ajitkumar.patil@hsbc.co.in;vaibhav.balkhande@hsbc.co.in;vamsi.krishnaa.aparajkar@hsbc.co.in;shoeib.i.shaikh@hsbc.co.in;sachin.kisan.gaikwad@hsbc.co.in;sandhya.sanoop@hsbc.co.in;pooja.k.m.k.m@hsbc.co.in;allan.s.eagle@hsbc.com;vidya.akula@hsbc.co.in;richmond.yu@hsbc.ca;anil.solanki@noexternalmail.hsbc.com;rejish.r.nair@hsbc.co.in;estelle.li.yan@hsbc.com.cn;sagar.rao.devarneni@hsbc.co.in;ankita.mishra@noexternalmail.hsbc.com;guadalupe.quinto@hsbc.com.mx;arturo.c.francioli@hsbc.com.mx;ignacio.r.hernandez@hsbc.com.mx;nancy.j.garcia@hsbc.com.mx;bharath.reddy@hsbc.co.in;priyanka.gavali@noexternalmail.hsbc.com;bella.y.zhao_sp@noexternalmail.hsbc.com;gideon.f.f.huo_sp@noexternalmail.hsbc.com;suresh.chalmarad@noexternalmail.hsbc.com;dhaval.mistry@noexternalmail.hsbc.com;divya2.sharma@noexternalmail.hsbc.com;swetha.kota@noexternalmail.hsbc.com;pravallika.bandapu@noexternalmail.hsbc.com;karl.urwin@hsbc.com;andrew.l.f.yuan_sp@noexternalmail.hsbc.com;diana.rivera@hsbc.com.mx;ravindra.jadhav@noexternalmail.hsbc.com;sonyia.venkatesa@noexternalmail.hsbc.com;simple.b.m.zhang@hsbc.com;pritiranjan.das@noexternalmail.hsbc.com;rafal.bazarnik@noexternalmail.hsbc.com;swati1.kumari@noexternalmail.hsbc.com;shweta.mahadik@noexternalmail.hsbc.com;avanti.zalke@noexternalmail.hsbc.com;akshay.moni@noexternalmail.hsbc.com;ekta.bhatia@hsbc.ca;padmalava.behera@hsbc.co.in;can.cui@hsbc.com;ashish1.patil@noexternalmail.hsbc.com;milind.rathore@noexternalmail.hsbc.com;elizabeth.camacho@hsbc.com.mx;nitish.kumar@hsbc.co.in;ruchi1.singh@hsbc.co.in;ilianova.morales@hsbc.com.mx;piyushjain@hsbc.co.in;manisha.sah@hsbc.co.in;ujjawal.gautam@hsbc.co.in;simmi.m.v@hsbc.co.in;gauransh.arora@hsbc.co.in;venu.madhavi@hsbc.co.in;shital.abhijit.chore@noexternalmail.hsbc.com;ajinkya.r.mundle@hsbc.co.in;sukanya.yadav@noexternalmail.hsbc.com;suhasszade@hsbc.co.in;ke1.zhang@noexternalmail.hsbc.com;vaibhav.behre@noexternalmail.hsbc.com;sergio.gaytan@hsbc.com.mx;mariel.f.molina@hsbc.com.mx;juan.c.villegas@hsbc.com.mx;santosh.kumar.thodupunoori@hsbc.co.in;jerry.z.l.li@hsbc.com;saul.robles@hsbc.com.mx;soundarya.g.s@hsbc.co.in;laxminarayan.majhi@hsbc.co.in;anil.shahi@hsbc.com;priyanka.vinod.jadhav@hsbc.co.in;kunal.srivastava@hsbc.co.in;vinay1.n@hsbc.co.in;swarupa.kulkarni@noexternalmail.hsbc.com;rahul.dubey@hsbc.co.in;rakesh.kumar.sahoo@hsbc.co.in;jaykishan.sewak@noexternalmail.hsbc.com;narendra.satpute@noexternalmail.hsbc.com;sandhya.aghav@noexternalmail.hsbc.com;mario.hidalgo@hsbc.com.mx;alberto.anayab@hsbc.com.mx;indraraj.sattawat@noexternalmail.hsbc.com;pallavi.patil@noexternalmail.hsbc.com;yugandhar.pillalamarri@noexternalmail.hsbc.com;juan.hernandez@hsbc.com.mx;namrata.nandpal@noexternalmail.hsbc.com;akshay.devikar@noexternalmail.hsbc.com;janaki.makkena@noexternalmail.hsbc.com;jaskirat.singh@hsbc.co.in;vashukinath.vashukinath@noexternalmail.hsbc.com;irene.gil@hsbc.com.mx;xchel.salazar@hsbc.com.mx;amit8.singh@noexternalmail.hsbc.com;sameer.rahuman@noexternalmail.hsbc.com;pankaj.nakhat@hsbc.com;debabrata.ghosh@noexternalmail.hsbc.com;saurabh.d.thatte@hsbc.co.in;jane.m.xia@hsbc.com.cn;ayesha.j.inamdar@hsbc.co.in;nilambari.rohit.kashikar@hsbc.co.in;harshit.choure@noexternalmail.hsbc.com;david.jackson@hsbc.ca;mayank.dubey@hsbc.co.in;bandi.naveen.reddy@hsbc.co.in;swapneel.shidhaye@noexternalmail.hsbc.com;rupesh.j.malavade@hsbc.co.in;vinay.mangal@hsbc.co.in;tony.j.f.xu@hsbc.com.cn;sulabh1.jain@hsbc.co.in;venkatlakshmi.venkatesan@hsbc.co.in;charu.jain@noexternalmail.hsbc.com;rakesh.r.ranjan@hsbc.co.in;eduardo.i.trejo@hsbc.com.mx;deepesh.saraswat@noexternalmail.hsbc.com;gayatri.vijayan@hsbc.co.in;ashish.sharma@hsbc.co.in;venkatnaidu@hsbc.co.in;sonam.machade@noexternalmail.hsbc.com;eduardo.bravo@hsbc.com.mx;jakkam.reddy@noexternalmail.hsbc.com;amrutha.pv@noexternalmail.hsbc.com;carlos.diaz@hsbc.com.mx;humberto.esparza@hsbc.com.mx;garimas.sharma@hsbc.co.in;santhiya.ramalingam@noexternalmail.hsbc.com;yogesh.nevse@noexternalmail.hsbc.com;kavita.hase@noexternalmail.hsbc.com;jonathan.karam@hsbc.com.mx;lokesh.somani@hsbc.co.in;deepak.rai@hsbc.co.in;nikhil.behare@noexternalmail.hsbc.com;sunayna.joon@hsbc.ca;spring.y.mao@hsbc.com;kai.k.xue@hsbc.com;dipali.mukkanwar@noexternalmail.hsbc.com;rexjoeamalraj@hsbc.co.in;tushar1.pandey@noexternalmail.hsbc.com;michael.kelleher@firstdirect.com;roberto.s.roches@us.hsbc.com;abhinava.soti@hsbc.co.in;prakash.vadaga@noexternalmail.hsbc.com;soumya.jena@noexternalmail.hsbc.com;rushikesh.rajesaheb.puri@hsbc.co.in;jacqueline.y.dodds@hsbc.com;fester.s.w.zheng@noexternalmail.hsbc.com;angel.amador@hsbc.com.mx;luis.fuentes@hsbc.com.mx;moulika.vankam@noexternalmail.hsbc.com;ankita1.sharma@noexternalmail.hsbc.com;perisetti.revathi@hsbc.co.in;aaradhya.jain@noexternalmail.hsbc.com;samdharsi.kumar@noexternalmail.hsbc.com;anindita.adhikary@noexternalmail.hsbc.com;vivian.w.hao@hsbc.com;bob.z.b.li@hsbc.com.cn;jasmin1.patel@noexternalmail.hsbc.com;srinithya.s@hsbc.co.in;michal1.zajac@noexternalmail.hsbc.com;oleksandr.alex.ovsiyenko@hsbc.ca;maya.arora@hsbc.co.in;pranav.salgotra@hsbc.co.in;shyam.prakash.dubey@hsbc.co.in;lester.b.j.liao@hsbc.com;kunal.rao.vutla@noexternalmail.hsbc.com;sarika.p.potnis@hsbc.co.in;ranjitha.b@noexternalmail.hsbc.com;ruben.nunez@hsbc.com.mx;jose.e.orozco@hsbc.com.mx;himadri.sahoo@noexternalmail.hsbc.com;paarrivanan.ezhilvanan@noexternalmail.hsbc.com;cm.prasad.mehta@hsbc.co.in;priti.hirve@noexternalmail.hsbc.com;sandeep1.gaikwad@noexternalmail.hsbc.com;dinesh.jadhav@noexternalmail.hsbc.com;sriram.murty.duvakula@noexternalmail.hsbc.com;jijendran.p@noexternalmail.hsbc.com;sudheer.kumarreddy@noexternalmail.hsbc.com;pruthviraj.pardeshi@hsbc.co.in;tiny.z.lan_sp@noexternalmail.hsbc.com;fernando.dealba@hsbc.com.mx;gaurav.narang@hsbc.co.in;shanmukha.kamesh.gunturi@hsbc.co.in;uday1.kumar@noexternalmail.hsbc.com;vivek.sinha@hsbc.co.in;rupali.dige@noexternalmail.hsbc.com;pratik.pratap.singh@noexternalmail.hsbc.com;amit.jadli@hsbc.co.in;bijayendra.tiwari@noexternalmail.hsbc.com;bartlomiej.proga@hsbc.com;bottle.p.c.ye@hsbc.com;amber.h.li_sp@hsbc.com.cn;pradnyakulkarni@hsbc.co.in;abhijeet.dattatraya.kadam@hsbc.co.in;loknath.singh@noexternalmail.hsbc.com;vaishali.ambare@hsbc.co.in;amarvind.senin.n.s@hsbc.co.in;tomasz.jamroz@noexternalmail.hsbc.com;rahul10.jain@noexternalmail.hsbc.com;cameron.y.w.fu@hsbc.com.cn;rajeshwar.tiwari@hsbc.com;balaji.kesavan@firstdirect.com;supriya.kalaskar@noexternalmail.hsbc.com;suresh1.selvam@noexternalmail.hsbc.com;pankaj.ganeshwani@hsbc.co.in;pranchul.jain@noexternalmail.hsbc.com;pooja.shilimkar@noexternalmail.hsbc.com;vishal.soni@hsbc.com;tejal.rahate@noexternalmail.hsbc.com;fabrizio.condes@hsbc.com.mx;sheetal.arya@hsbc.co.in;manoj.gadekar@hsbc.com;kumar.nilesh@noexternalmail.hsbc.com;venkata.koripalli@noexternalmail.hsbc.com;hanna.kolibaba@hsbc.com;anni.zhu@hsbc.com.cn;shaik.rahman@hsbc.co.in;arohi.patel@noexternalmail.hsbc.com;stefano.vargiu@hsbc.com;praveen.wakchaure@noexternalmail.hsbc.com;gowri.s@hsbc.co.in;damian.duraj@hsbc.com;priyanka.kabra@hsbc.co.in;kunal.mandavkar@noexternalmail.hsbc.com;chintakayala.rajesh@hsbc.co.in;neha.girase@hsbc.co.in;aditi.jain@hsbc.ca;vishnu.komma@hsbc.co.in;pravee.wakchaure@noexternalmail.hsbc.com;chinmay1.jain@hsbc.co.in;oswald.mendez@hsbc.com.mx;ankit2.arora@noexternalmail.hsbc.com;rajury.krishnaveni@noexternalmail.hsbc.com;nirav.j.patel@hsbc.co.in;deepika.jain@noexternalmail.hsbc.com;tirumala.thatha@noexternalmail.hsbc.com;gulshan.sethi@hsbc.co.in;maria.sanchez@hsbc.com.mx;lucy.z.j.wang@noexternalmail.hsbc.com\",\n    \"frommail\": \"ADRESTEST-SVC-DIGL@adrestest.addev.hsbc\",\n    \"cc\":\"\",\n    \"subject\": \"Digital Platform Service is Resumed Now\",\n    \"body\": \"Hi All,<br><br>Please note, Digital Platform is now up and available for executions.<br><br>In case there are any issues, please delete cookies & cache of browser before login again.<br><br>For any support, as usual you can reach out to #QEP_DigitalPlatform qepdigitalplatform@noexternalmail.hsbc.com<br><br><br>Thanks & Regards,<br>QEP Digital Platform Team\",\n    \"bcc\": \"\"\n}"},"url":{"raw":"http://hkw20170761.hbap.adroot.hsbc:6666/api/sendmail","protocol":"http","host":["hkw20170761","hbap","adroot","hsbc"],"port":"6666","path":["api","sendmail"]}},"response":[]},{"name":"DIGL Account Dev hkw20170761 Restoration Copy 3","id":"d5556dbf-a157-488b-a8af-fd7c51c057ff","protocolProfileBehavior":{"disableBodyPruning":true},"request":{"method":"POST","header":[{"key":"Content-Type","name":"Content-Type","type":"text","value":"application/json"}],"body":{"mode":"raw","raw":"{\n    \"tomail\": \"deepesh.saraswat@noexternalmail.hsbc.com\",\n    \"frommail\": \"ADRESTEST-SVC-DIGL@adrestest.addev.hsbc\",\n    \"cc\":\"\",\n    \"subject\": \"Digital Platform Service is Resumed Now\",\n    \"body\": \"Hi All,<br><br>Please note, Digital Platform is now up and available for executions.<br><br>In case there are any issues, please delete cookies & cache of browser before login again.<br><br>For any support, as usual you can reach out to #QEP_DigitalPlatform qepdigitalplatform@noexternalmail.hsbc.com<br><br><br>Thanks & Regards,<br>QEP Digital Platform Team\",\n    \"bcc\": \"\"\n}"},"url":{"raw":"http://hkw20170761.hbap.adroot.hsbc:6666/api/sendmail","protocol":"http","host":["hkw20170761","hbap","adroot","hsbc"],"port":"6666","path":["api","sendmail"]}},"response":[]},{"name":"DIGL Account Dev hkw20170761 Restoration Copy 2","id":"e0039622-b366-4faa-b904-bcd247053d2b","protocolProfileBehavior":{"disableBodyPruning":true},"request":{"method":"POST","header":[{"key":"Content-Type","name":"Content-Type","type":"text","value":"application/json"}],"body":{"mode":"raw","raw":"{\n    \"tomail\": \"qepdigitalplatform@noexternalmail.hsbc.com\",\n    \"frommail\": \"ADRESTEST-SVC-DIGL@adrestest.addev.hsbc\",\n    \"cc\":\"\",\n    \"subject\": \"Testing mail\",\n    \"body\": \"Hi,\\n\\nPlease ignore the mail. \\n\\nThanks & Regards,\\nDigital Platform Team\",\n    \"bcc\": \"\"\n}"},"url":{"raw":"http://hkw20170761.hbap.adroot.hsbc:7030/api/sendmail","protocol":"http","host":["hkw20170761","hbap","adroot","hsbc"],"port":"7030","path":["api","sendmail"]}},"response":[]},{"name":"forgot password","id":"b571eb37-44be-43ec-8b39-cbf0a855fb53","protocolProfileBehavior":{"disableBodyPruning":true},"request":{"method":"POST","header":[{"key":"Content-Type","name":"Content-Type","type":"text","value":"application/json"}],"body":{"mode":"raw","raw":"{\n    \"tomail\": \"deepesh.saraswat@noexternalmail.hsbc.com\",\n    \"frommail\": \"ADRESTEST-SVC-DIGL@adrestest.addev.hsbc\",\n    \"cc\":\"\",\n    \"subject\": \"Digital Platform Password Retrieval\",\n    \"body\": \"Hi,<br><br>Please find below the Password for Digital Platform.<br><br>Password: tLPiBdQ <br><br>Please use this Password along with your PSID for login to the Platform. In case of any support, please reach out to <a href=\\\"mailto:digitalplatform@noexternalmail.hsbc.com\\\">#digitalplatform</a> <br><br>Thanks & Regards,<br>Digital Platform Team\",\n    \"bcc\": \"\"\n}"},"url":{"raw":"http://hkw20170761.hbap.adroot.hsbc:6666/api/sendmail","protocol":"http","host":["hkw20170761","hbap","adroot","hsbc"],"port":"6666","path":["api","sendmail"]}},"response":[]}]}