{"info":{"_postman_id":"31bcf6ce-3dbe-4a80-ae32-13a987ab2873","name":"Kafka","schema":"https://schema.getpostman.com/json/collection/v2.1.0/collection.json"},"item":[{"name":"New Request","id":"24082999-689f-42a9-845e-ae35efc72db5","protocolProfileBehavior":{"disableBodyPruning":true},"request":{"method":"GET","header":[]},"response":[]},{"name":"JsonProducer","id":"f17e187f-a80e-49f0-a727-de7cbce07544","protocolProfileBehavior":{"disableBodyPruning":true},"request":{"method":"POST","header":[],"body":{"mode":"raw","raw":"{\r\n    \"id\":1,\r\n    \"firstName\":\"Dinesh\",\r\n    \"lastName\" :\"Saraswat\"\r\n}","options":{"raw":{"language":"json"}}},"url":{"raw":"http://localhost:8080/api/v1/kafka/publish/user","protocol":"http","host":["localhost"],"port":"8080","path":["api","v1","kafka","publish","user"]}},"response":[]}]}