{"info":{"_postman_id":"39905fe9-e327-4aec-b8fa-f86953fd51fa","name":"AppUploader","schema":"https://schema.getpostman.com/json/collection/v2.1.0/collection.json"},"item":[{"name":"appUpload","id":"44b6cecc-e9dc-4289-8cc1-e705c87e3fe2","protocolProfileBehavior":{"disableBodyPruning":true},"request":{"method":"POST","header":[],"body":{"mode":"formdata","formdata":[{"key":"user","value":"45218430","type":"text"},{"key":"project","value":"TEST","type":"text"},{"key":"file","type":"file","src":"/Users/anil.solanki/Desktop/DesktopOld/GQEP_Mobile_Apps/GQEPDemo-xresign.ipa"}]},"url":{"raw":"http://hkw25077178.hbap.adroot.hsbc:8102/service/mobile/appUpload","protocol":"http","host":["hkw25077178","hbap","adroot","hsbc"],"port":"8102","path":["service","mobile","appUpload"],"query":[{"key":"project","value":"","disabled":true},{"key":"user","value":"","disabled":true}]}},"response":[]},{"name":"getFileInfo","id":"d7ea1ea4-6391-45e9-86c2-dc945fcaea2f","protocolProfileBehavior":{"disableBodyPruning":true},"request":{"method":"GET","header":[],"url":{"raw":"http://hkw25077178.hbap.adroot.hsbc:8102/service/mobile/getFileInfo?token=2345egfgfdgds","protocol":"http","host":["hkw25077178","hbap","adroot","hsbc"],"port":"8102","path":["service","mobile","getFileInfo"],"query":[{"key":"token","value":"2345egfgfdgds"}]}},"response":[]},{"name":"download","id":"84f4eff6-648c-4acc-a1e8-12a245b60d9d","protocolProfileBehavior":{"disableBodyPruning":true},"request":{"method":"GET","header":[{"key":"Content-Type","value":"application/octet-stream","type":"text","disabled":true}],"url":{"raw":"http://hkw25077178.hbap.adroot.hsbc:8102/service/mobile/download?project=GQEP&fileName=GQEPDemo.ipa","protocol":"http","host":["hkw25077178","hbap","adroot","hsbc"],"port":"8102","path":["service","mobile","download"],"query":[{"key":"project","value":"GQEP"},{"key":"fileName","value":"GQEPDemo.ipa"}]}},"response":[]}]}