{"info":{"_postman_id":"4b885481-d1d5-4c23-ac2a-4982e82f072f","name":"ELEMENT INSPECTOR","schema":"https://schema.getpostman.com/json/collection/v2.1.0/collection.json"},"item":[{"name":"DELETE SESSION","id":"99bd589d-e13e-421c-962c-099505c66f8f","protocolProfileBehavior":{"disableBodyPruning":true},"request":{"method":"DELETE","header":[],"url":{"raw":"https://hkw25014624.hbap.adroot.hsbc:3344/wd/hub/session/6bc34f6e-f13d-4980-a369-675560d825b7","protocol":"https","host":["hkw25014624","hbap","adroot","hsbc"],"port":"3344","path":["wd","hub","session","6bc34f6e-f13d-4980-a369-675560d825b7"]}},"response":[]},{"name":"GET SESSION DETAILS","id":"ba1011e6-c6f5-4257-acd2-92768b2bc870","protocolProfileBehavior":{"disableBodyPruning":true},"request":{"method":"DELETE","header":[],"url":{"raw":"https://hkw25014624.hbap.adroot.hsbc:3344/wd/hub/session/6bc34f6e-f13d-4980-a369-675560d825b7","protocol":"https","host":["hkw25014624","hbap","adroot","hsbc"],"port":"3344","path":["wd","hub","session","6bc34f6e-f13d-4980-a369-675560d825b7"]}},"response":[]},{"name":"CLEAR QUEUE","id":"397642dc-d3e5-442a-b0bc-c8787a1fa8b0","protocolProfileBehavior":{"disableBodyPruning":true},"request":{"method":"DELETE","header":[],"url":{"raw":"https://hkw25014624.hbap.adroot.hsbc:3344/wd/hub/session/a7bb7ce9-bec4-4a16-ac39-ddf3daa2626b","protocol":"https","host":["hkw25014624","hbap","adroot","hsbc"],"port":"3344","path":["wd","hub","session","a7bb7ce9-bec4-4a16-ac39-ddf3daa2626b"]}},"response":[]}]}