{"info":{"_postman_id":"4f2327d5-bbe9-4580-aa57-4096f3e8d38a","name":"Spring Security","schema":"https://schema.getpostman.com/json/collection/v2.1.0/collection.json"},"item":[{"name":"myAccount","id":"b16f5330-5f61-4f87-a5da-b29507364351","protocolProfileBehavior":{"disableBodyPruning":true},"request":{"auth":{"type":"basic","basic":[{"key":"password","value":"12345","type":"string"},{"key":"username","value":"deepesh","type":"string"}]},"method":"GET","header":[],"url":{"raw":"http://localhost:9001/v1/api/account","protocol":"http","host":["localhost"],"port":"9001","path":["v1","api","account"]}},"response":[]},{"name":"admin","event":[{"listen":"test","script":{"id":"7c7d3c71-2549-4b1f-bf34-b84a8e7464f1","exec":["\r","pm.test(\"Response status code is 202\", function () {\r","    pm.expect(pm.response.code).to.equal(202);\r","});\r","\r","\r","pm.test(\"Response content type is text/plain\", function () {\r","  pm.expect(pm.response.headers.get(\"Content-Type\")).to.include(\"text/plain\");\r","});\r","\r","\r","pm.test(\"Verify the response body contains 'Access Granted for ADMIN'\", function () {\r","    pm.expect(pm.response.text()).to.include(\"Access Granted for ADMIN\");\r","});\r","\r","\r","pm.test(\"Response body does not contain sensitive information\", function () {\r","    const responseData = pm.response.text();\r","    \r","    pm.expect(responseData).to.not.include(\"password\");\r","    pm.expect(responseData).to.not.include(\"ssn\");\r","    pm.expect(responseData).to.not.include(\"creditCardNumber\");\r","});\r","\r","\r","pm.test(\"Specific headers in the response\", function () {\r","    pm.expect(pm.response.headers.get(\"Content-Type\")).to.exist;\r","    pm.expect(pm.response.headers.get(\"Access-Control-Allow-Origin\")).to.not.exist;\r","    pm.expect(pm.response.headers.get(\"Authorization\")).to.not.exist;\r","});\r","\r","\r","pm.test(\"Response status code is not 500\", function () {\r","    pm.expect(pm.response.code).to.not.equal(500);\r","});\r","\r","\r","pm.test(\"Response does not contain error message\", function () {\r","    const responseData = pm.response.text();\r","    \r","    pm.expect(responseData).to.not.include(\"error\");\r","});\r","\r","\r","pm.test(\"Response does not contain stack trace\", function () {\r","    const responseData = pm.response.text();\r","\r","    pm.expect(responseData).to.not.include(\"stack trace\");\r","});\r","\r","\r","pm.test(\"Access Granted message should not be present in the response body\", function () {\r","    const responseData = pm.response.text();\r","    \r","    pm.expect(responseData).to.not.include(\"Access Granted for Account\");\r","});\r","\r","\r","pm.test(\"Response body does not contain any debug information\", function () {\r","    pm.expect(pm.response.text()).to.not.include(\"debug\");\r","});\r","\r",""],"type":"text/javascript"}}],"id":"6937cf00-0d29-4270-b543-59693c3d814f","protocolProfileBehavior":{"disableBodyPruning":true},"request":{"auth":{"type":"basic","basic":[{"key":"password","value":"12345","type":"string"},{"key":"username","value":"deepesh","type":"string"}]},"method":"GET","header":[],"url":{"raw":"http://localhost:9001/v1/api/admin","protocol":"http","host":["localhost"],"port":"9001","path":["v1","api","admin"]},"description":"\nThis endpoint is used to retrieve admin access for the API. \n\nThe request does not contain a request body. \n\nThe response returns a status code of 202 with the message \"Access Granted for ADMIN\".\n"},"response":[]},{"name":"myNotice","id":"b35496a0-750a-4f84-b57f-505bc9178be7","protocolProfileBehavior":{"disableBodyPruning":true},"request":{"auth":{"type":"basic","basic":[{"key":"password","value":"12345","type":"string"},{"key":"username","value":"deepesh","type":"string"}]},"method":"GET","header":[],"url":{"raw":"http://localhost:9001/v1/api/notice","protocol":"http","host":["localhost"],"port":"9001","path":["v1","api","notice"]}},"response":[]},{"name":"registerUser","id":"2d3510e7-7625-4e64-aa39-28a879b14a11","protocolProfileBehavior":{"disableBodyPruning":true},"request":{"auth":{"type":"noauth"},"method":"POST","header":[],"body":{"mode":"raw","raw":"{\r\n   \"productName\":\"Recorder\"\r\n}","options":{"raw":{"language":"json"}}},"url":{"raw":"http://localhost:8002/products","protocol":"http","host":["localhost"],"port":"8002","path":["products"]}},"response":[]}]}