{"info":{"_postman_id":"578906cd-c805-4800-afbf-7385887c2446","name":"DEVICE_APPLICATION_SERVICE","schema":"https://schema.getpostman.com/json/collection/v2.1.0/collection.json"},"item":[{"name":"RESERVE","id":"48933441-4676-4273-bbfa-e76c6974604c","protocolProfileBehavior":{"disableBodyPruning":true},"request":{"method":"POST","header":[],"url":{"raw":"http://localhost:7001/automation/services/device/reserve?userId=45219408&udid=122","protocol":"http","host":["localhost"],"port":"7001","path":["automation","services","device","reserve"],"query":[{"key":"userId","value":"45219408","type":"text"},{"key":"udid","value":"122","type":"text"}]}},"response":[]},{"name":"RELEASE","id":"591946c5-bcc5-412d-87fe-7eb79df8a3ec","protocolProfileBehavior":{"disableBodyPruning":true},"request":{"method":"POST","header":[],"url":{"raw":"http://localhost:7001/automation/services/device/release?userId=45219408&udid=122","protocol":"http","host":["localhost"],"port":"7001","path":["automation","services","device","release"],"query":[{"key":"userId","value":"45219408"},{"key":"udid","value":"122"}]}},"response":[]},{"name":"DEVICES_AUTO/HML","id":"b9a9028e-9fbe-473d-84b1-c72ba7f2665d","protocolProfileBehavior":{"disableBodyPruning":true},"request":{"method":"GET","header":[],"url":{"raw":"http://localhost:7001/automation/services/devices?type=AUTO","protocol":"http","host":["localhost"],"port":"7001","path":["automation","services","devices"],"query":[{"key":"type","value":"AUTO"}]}},"response":[]},{"name":"JOBS","id":"fab33d3a-fe81-497e-8416-523e78e9049b","protocolProfileBehavior":{"disableBodyPruning":true},"request":{"method":"GET","header":[],"url":{"raw":"http://localhost:7001/automation/services/job","protocol":"http","host":["localhost"],"port":"7001","path":["automation","services","job"]}},"response":[]},{"name":"JOB","id":"bc8a809f-69f1-4688-a71d-28a099a08a69","protocolProfileBehavior":{"disableBodyPruning":true},"request":{"method":"GET","header":[],"url":{"raw":"http://localhost:7001/automation/services/job","protocol":"http","host":["localhost"],"port":"7001","path":["automation","services","job"]}},"response":[]},{"name":"New Request","id":"50cfa5e1-282c-4fe4-97c8-7014310c8161","protocolProfileBehavior":{"disableBodyPruning":true},"request":{"method":"POST","header":[],"body":{"mode":"formdata","formdata":[{"key":"file","type":"file","src":"/C:/Users/45219408/Downloads/OnePlus2T.zip"}]},"url":{"raw":"http://localhost:9001/automation/services/device/usage/user?psid=45299162&startDate=2023-07-12&endDate=2023-07-18","protocol":"http","host":["localhost"],"port":"9001","path":["automation","services","device","usage","user"],"query":[{"key":"psid","value":"45299162"},{"key":"startDate","value":"2023-07-12"},{"key":"endDate","value":"2023-07-18"}]}},"response":[]},{"name":"New Request","id":"d2108ac0-550f-4f28-a77c-01d066f32b07","protocolProfileBehavior":{"disableBodyPruning":true},"request":{"method":"POST","header":[],"body":{"mode":"raw","raw":"{\r\n    \"url\" :\"http://hkw20170761.hbap.adroot.hsbc:9002/job/GT_NEO1_M/\" \r\n}","options":{"raw":{"language":"json"}}},"url":{"raw":"http://localhost:9001/automation/services/trigger","protocol":"http","host":["localhost"],"port":"9001","path":["automation","services","trigger"]}},"response":[]},{"name":"New Request","id":"b79c88b6-bc8b-4046-8dc2-583cf4673c6c","protocolProfileBehavior":{"disableBodyPruning":true},"request":{"method":"POST","header":[],"url":{"raw":"http://localhost:8001/automation/services/htl/usage/role?psid=45219408&startDate=2023-06-18&endDate=2023-06-18","protocol":"http","host":["localhost"],"port":"8001","path":["automation","services","htl","usage","role"],"query":[{"key":"psid","value":"45219408"},{"key":"startDate","value":"2023-06-18"},{"key":"endDate","value":"2023-06-18"}]}},"response":[]}]}