{"info":{"_postman_id":"5b09e997-cb15-4e2d-af78-af30e90e7c2b","name":"HML TRACKING","schema":"https://schema.getpostman.com/json/collection/v2.1.0/collection.json"},"item":[{"name":"ping","id":"6b304bb7-a5ca-44fa-8763-980f349000d1","protocolProfileBehavior":{"disableBodyPruning":true},"request":{"method":"GET","header":[{"key":"access-control-allow-origin","value":"*","type":"text"}],"url":{"raw":"http://{{hostname}}:{{port}}/api/hml/","protocol":"http","host":["{{hostname}}"],"port":"{{port}}","path":["api","hml",""]}},"response":[]},{"name":"GetAllDevice","id":"bce82e34-2d44-4fed-a777-929dfed7d204","protocolProfileBehavior":{"disableBodyPruning":true},"request":{"method":"GET","header":[],"url":{"raw":"http://{{hostname}}:{{port}}/api/hml/devices","protocol":"http","host":["{{hostname}}"],"port":"{{port}}","path":["api","hml","devices"]}},"response":[]},{"name":"GetDeviceByID","id":"2e290cd2-a076-4c12-b1d5-d4abe8504a36","protocolProfileBehavior":{"disableBodyPruning":true},"request":{"method":"GET","header":[],"url":{"raw":"http://{{hostname}}:{{port}}/api/hml/device/BCD123124","protocol":"http","host":["{{hostname}}"],"port":"{{port}}","path":["api","hml","device","BCD123124"]}},"response":[]},{"name":"ReserveDevice","id":"c8d367c0-77e6-4ab8-a6cf-0f7305d7b407","protocolProfileBehavior":{"disableBodyPruning":true},"request":{"method":"POST","header":[],"body":{"mode":"formdata","formdata":[{"key":"psid","value":"45219408","type":"text"},{"key":"udid","value":"BCD123124","type":"text"}]},"url":{"raw":"http://{{hostname}}:{{port}}/api/hml/reserve/device","protocol":"http","host":["{{hostname}}"],"port":"{{port}}","path":["api","hml","reserve","device"]}},"response":[]},{"name":"ReserveDevice Copy","id":"0d25a14e-6862-4b26-997a-346025e2406d","protocolProfileBehavior":{"disableBodyPruning":true},"request":{"method":"POST","header":[],"body":{"mode":"formdata","formdata":[{"key":"psid","value":"45219408","type":"text"},{"key":"udid","value":"BCD123124","type":"text"}]},"url":{"raw":"http://{{hostname}}:{{port}}/api/hml/reerve/devices?psid=45219408&udid=BCD123124","protocol":"http","host":["{{hostname}}"],"port":"{{port}}","path":["api","hml","reerve","devices"],"query":[{"key":"psid","value":"45219408"},{"key":"udid","value":"BCD123124"}]}},"response":[]},{"name":"Release Device","id":"b06e95c3-c1f0-436a-9fec-bbe722d6de45","protocolProfileBehavior":{"disableBodyPruning":true},"request":{"method":"DELETE","header":[],"body":{"mode":"formdata","formdata":[]},"url":{"raw":"http://{{hostname}}:{{port}}/api/hml/release/BCD1233/45219407","protocol":"http","host":["{{hostname}}"],"port":"{{port}}","path":["api","hml","release","BCD1233","45219407"]}},"response":[]}]}