{"info":{"_postman_id":"5d352b9d-5d32-4ad4-b7b3-3052513462a3","name":"Display Message SERVICE","schema":"https://schema.getpostman.com/json/collection/v2.1.0/collection.json"},"item":[{"name":"Update Message","id":"e458fa63-a839-4eb5-9df6-8227f8ede35c","protocolProfileBehavior":{"disableBodyPruning":true},"request":{"method":"PUT","header":[],"body":{"mode":"raw","raw":"{\r\n    \"content\": \"This is for the changes \",\r\n    \"mailbody\": \"Hi All,\\n\\nPlease note that, Digital Platform will have the downtime on 23rd February, 2023 (3:30 PM to 5:30 PM India Time). This is being carried out to update a urgent security patch. Please plan your activities accordingly.\\n\\nWe will send a confirmation once the patching is completed.\\n\\nFor any support, as usual you can reach out to #QEP_DigitalPlatform qepdigitalplatform@noexternalmail.hsbc \\n\\nThanks & Regards,\\nQEP Digital Platform Team\"\r\n}","options":{"raw":{"language":"json"}}},"url":{"raw":"http://localhost:8181/message/1","protocol":"http","host":["localhost"],"port":"8181","path":["message","1"]}},"response":[]},{"name":"New Request","id":"7f23d253-6918-461a-88ef-9915f901d59f","protocolProfileBehavior":{"disableBodyPruning":true},"request":{"method":"GET","header":[],"url":{"raw":"http://localhost:8181/message/1","protocol":"http","host":["localhost"],"port":"8181","path":["message","1"]}},"response":[]},{"name":"downtime","id":"f62c41f5-b3e4-420d-9642-6ae19bcab3d2","protocolProfileBehavior":{"disableBodyPruning":true},"request":{"method":"GET","header":[],"url":{"raw":"http://localhost:8181/message/downtime","protocol":"http","host":["localhost"],"port":"8181","path":["message","downtime"]}},"response":[]},{"name":"uptime","id":"169edec2-e3fa-4f71-b3db-8846e71a0bbe","protocolProfileBehavior":{"disableBodyPruning":true},"request":{"method":"GET","header":[],"url":{"raw":"http://localhost:8181/message/uptime","protocol":"http","host":["localhost"],"port":"8181","path":["message","uptime"]}},"response":[]}]}