{"info":{"_postman_id":"5f03849e-4e81-41ee-8b4f-a0c56da24ff4","name":"SmartAPI","schema":"https://schema.getpostman.com/json/collection/v2.1.0/collection.json"},"item":[{"name":"smartTestingService","item":[{"name":"New Request","id":"6f8dbe78-712b-4f2a-b2f2-f475bdcf8d41","protocolProfileBehavior":{"disableBodyPruning":true},"request":{"method":"GET","header":[],"url":{"raw":"http://localhost:7001/interpreter","protocol":"http","host":["localhost"],"port":"7001","path":["interpreter"]}},"response":[]}],"id":"7db5636f-7503-47c4-9ae0-e762a1c307ba"},{"name":"gherkin-converter","id":"6f6d97da-ffdb-4509-a992-7f257390efdc","protocolProfileBehavior":{"disableBodyPruning":true},"request":{"method":"POST","header":[],"body":{"mode":"formdata","formdata":[{"key":"file","type":"file","src":"/C:/Users/45219408/Downloads/Test case on Browser usage.xlsx"}]},"url":{"raw":"http://hkw20170761.hbap.adroot.hsbc:5051/digital-new-solution/gherkin-converter","protocol":"http","host":["hkw20170761","hbap","adroot","hsbc"],"port":"5051","path":["digital-new-solution","gherkin-converter"]}},"response":[]},{"name":"view-gherkin","id":"ed21ed4f-4c04-4e51-a66d-0a29699c5610","protocolProfileBehavior":{"disableBodyPruning":true},"request":{"method":"POST","header":[],"body":{"mode":"raw","raw":"{\r\n    \"file_name\": \"Test case on Browser usage.xlsx\",\r\n    \"test_case_name\": \"Verify Device Usage for reserve device\"\r\n}","options":{"raw":{"language":"json"}}},"url":{"raw":"http://hkw20170761.hbap.adroot.hsbc:5051/digital-new-solution/view-gherkin","protocol":"http","host":["hkw20170761","hbap","adroot","hsbc"],"port":"5051","path":["digital-new-solution","view-gherkin"]}},"response":[]},{"name":"gherkin-download","id":"5f8c7cef-48f4-48cc-9feb-ca669d532ac2","protocolProfileBehavior":{"disableBodyPruning":true},"request":{"method":"POST","header":[],"body":{"mode":"raw","raw":"{\"file_name\":\"Test case on Browser usage.xlsx\"}","options":{"raw":{"language":"json"}}},"url":{"raw":"http://hkw20170761.hbap.adroot.hsbc:5051/digital-new-solution/gherkin-download","protocol":"http","host":["hkw20170761","hbap","adroot","hsbc"],"port":"5051","path":["digital-new-solution","gherkin-download"]}},"response":[]}]}