{"info":{"_postman_id":"62fbfca1-7983-47d5-bfaf-533efe33e961","name":"MonitoringAPI_JMXAPI","schema":"https://schema.getpostman.com/json/collection/v2.1.0/collection.json"},"item":[{"name":"ManagementInformationService Copy","item":[{"name":"systemStatus","id":"2ef443fa-621a-4e24-a48d-e73cc7b0ac28","protocolProfileBehavior":{"disableBodyPruning":true},"request":{"method":"GET","header":[],"url":{"raw":"http://localhost:9790/management/services/systemStatus","protocol":"http","host":["localhost"],"port":"9790","path":["management","services","systemStatus"]}},"response":[]},{"name":"systemDeviceDetails","id":"0679b0a7-017f-4663-8b3d-2999ba29a56e","protocolProfileBehavior":{"disableBodyPruning":true},"request":{"method":"GET","header":[],"url":{"raw":"http://localhost:9790/management/services/systemDeviceStatus/:hostname","protocol":"http","host":["localhost"],"port":"9790","path":["management","services","systemDeviceStatus",":hostname"],"variable":[{"id":"bf820264-3322-4754-9262-7e7af314e8ce","key":"hostname","value":""}]}},"response":[]},{"name":"addsystemdetails","id":"ed22e87a-c17a-4c65-bf01-a8476ab194e7","protocolProfileBehavior":{"disableBodyPruning":true},"request":{"method":"POST","header":[],"url":{"raw":"http://localhost:9790/management/services/addSystem?systemName=Mac Mini 7&hostName=1111","protocol":"http","host":["localhost"],"port":"9790","path":["management","services","addSystem"],"query":[{"key":"systemName","value":"Mac Mini 7"},{"key":"hostName","value":"1111"}]}},"response":[]},{"name":"deletesystem","id":"6cb2163c-3a7b-4ede-b9cd-d52a352f7c1f","protocolProfileBehavior":{"disableBodyPruning":true},"request":{"method":"POST","header":[],"url":{"raw":"http://localhost:9790/management/services/deleteSystem?hostName=test2","protocol":"http","host":["localhost"],"port":"9790","path":["management","services","deleteSystem"],"query":[{"key":"hostName","value":"test2"}]}},"response":[]},{"name":"Device_status","id":"b4ba8156-7ddf-4f71-8a95-0f528e2b0734","protocolProfileBehavior":{"disableBodyPruning":true},"request":{"method":"GET","header":[],"url":{"raw":"http://localhost:9790/management/services/deviceStatus","protocol":"http","host":["localhost"],"port":"9790","path":["management","services","deviceStatus"]}},"response":[]},{"name":"getlocation","id":"1fd884fe-5f5e-4c3e-bf90-dc1ceb97452e","protocolProfileBehavior":{"disableBodyPruning":true},"request":{"method":"GET","header":[],"url":{"raw":"http://localhost:9790/management/services/locationDetails","protocol":"http","host":["localhost"],"port":"9790","path":["management","services","locationDetails"]}},"response":[]}],"id":"cbe0dca7-94ce-46e4-84da-74c60d6dfb22"},{"name":"triggerJMX Copy","id":"43b4681b-f32f-4a40-9e33-56b83439e66d","protocolProfileBehavior":{"disableBodyPruning":true},"request":{"method":"POST","header":[],"body":{"mode":"raw","raw":"{\r\n  \"url\": \"http://hkw20170759.hbap.adroot.hsbc:8002/job/Testing1987_JMX/\"\r\n}","options":{"raw":{"language":"json"}}},"url":{"raw":"http://localhost:615/api/jMeter/jmx/run/trigge?url=test&psid=45186418&jobName=USER","protocol":"http","host":["localhost"],"port":"615","path":["api","jMeter","jmx","run","trigge"],"query":[{"key":"url","value":"test"},{"key":"psid","value":"45186418"},{"key":"jobName","value":"USER"}]}},"response":[]},{"name":"RunJMXHPP Copy","id":"ce702f49-9f39-41b7-bbcb-4a70ba7e9231","protocolProfileBehavior":{"disableBodyPruning":true},"request":{"method":"POST","header":[],"body":{"mode":"formdata","formdata":[{"key":"file","type":"file","src":"/C:/Project/Digital Platform/HSBCScript.jmx"}]},"url":{"raw":"http://localhost:6150/api/jMeter/jmx/run/SampleDigital2","protocol":"http","host":["localhost"],"port":"6150","path":["api","jMeter","jmx","run","SampleDigital2"]}},"response":[]}]}