{"info":{"_postman_id":"6da582c9-fe14-4dc1-8d8b-e5de67a048a3","name":"DEVICE SESSION ID","schema":"https://schema.getpostman.com/json/collection/v2.1.0/collection.json"},"item":[{"name":"New Request","id":"372c6b7e-85ef-4caf-ad34-10d2dfbbad15","protocolProfileBehavior":{"disableBodyPruning":true},"request":{"method":"GET","header":[],"url":{"raw":"http://localhost:8107/device/usage/sessions","protocol":"http","host":["localhost"],"port":"8107","path":["device","usage","sessions"]}},"response":[]},{"name":"New Request Copy","id":"d7ff115c-c38c-45c6-b599-c2e804bf0f77","protocolProfileBehavior":{"disableBodyPruning":true},"request":{"method":"GET","header":[],"url":{"raw":"http://a356cmdzyertpux.in.hsbc:4723/wd/hub/session/71a5e317-016f-4d3f-8271-d41122862a93","protocol":"http","host":["a356cmdzyertpux","in","hsbc"],"port":"4723","path":["wd","hub","session","71a5e317-016f-4d3f-8271-d41122862a93"]}},"response":[]}]}