{"info":{"_postman_id":"75d19214-a137-45cf-a3ff-4afa9c119451","name":"SSO","schema":"https://schema.getpostman.com/json/collection/v2.1.0/collection.json"},"item":[{"name":"New Request","id":"71e11b8f-2c87-4091-9aa7-193b5ef19fb9","protocolProfileBehavior":{"disableBodyPruning":true},"request":{"auth":{"type":"noauth"},"method":"GET","header":[{"key":"X-Requested-With","value":"XMLHttpRequest","type":"text"},{"key":"X-Client-Id","value":"QEP","type":"text"},{"key":"X-Client-Secret","value":"QEP@123","type":"text"},{"key":"Accept-API-Version","value":"protocol=1.0,resource=2.1","type":"text"}],"url":{"raw":"https://cmb-staff-dsp-uat.hk.hsbc:8443/dsp/json/realms/root/realms/Staff/users/45219408","protocol":"https","host":["cmb-staff-dsp-uat","hk","hsbc"],"port":"8443","path":["dsp","json","realms","root","realms","Staff","users","45219408"]}},"response":[]},{"name":"New Request Copy","id":"1cba187c-10c9-456e-b793-387bb996e503","protocolProfileBehavior":{"disableBodyPruning":true},"request":{"auth":{"type":"noauth"},"method":"POST","header":[{"key":"X-Requested-With","value":"XMLHttpRequest","type":"text"},{"key":"X-Client-Id","value":"QEP","type":"text"},{"key":"X-Client-Secret","value":"QEP@123","type":"text"},{"key":"Accept-API-Version","value":"protocol=1.0,resource=2.1","type":"text"}],"url":{"raw":"https://cmb-staff-dsp-uat.hk.hsbc:8443/dsp/dspAuthenticate.jsp?realm=staff&service=wdssoservice","protocol":"https","host":["cmb-staff-dsp-uat","hk","hsbc"],"port":"8443","path":["dsp","dspAuthenticate.jsp"],"query":[{"key":"realm","value":"staff"},{"key":"service","value":"wdssoservice"}]}},"response":[]},{"name":"New Request Copy","id":"c3202e35-33ec-48ea-ad81-2ee1c6fd204e","protocolProfileBehavior":{"disableBodyPruning":true},"request":{"auth":{"type":"noauth"},"method":"POST","header":[{"key":"X-Requested-With","value":"XMLHttpRequest","type":"text"},{"key":"X-Client-Id","value":"QEPDP","type":"text"},{"key":"X-Client-Secret","value":"qepdp@123","type":"text"},{"key":"Accept-API-Version","value":"protocol=1.0,resource=2.1","type":"text"}],"url":{"raw":"https://cmb-staff-dsp-uat.hk.hsbc:8443/dsp/json/realms/root/realms/staff/authenticate?authIndexType=service&authIndexValue=wdssoservice","protocol":"https","host":["cmb-staff-dsp-uat","hk","hsbc"],"port":"8443","path":["dsp","json","realms","root","realms","staff","authenticate"],"query":[{"key":"authIndexType","value":"service"},{"key":"authIndexValue","value":"wdssoservice"}]}},"response":[]},{"name":"New Request","id":"c137a0b8-77e7-4aa4-817a-9efb9a40b054","protocolProfileBehavior":{"disableBodyPruning":true},"request":{"method":"GET","header":[{"key":"X-HSBC-E2E-Trust-Token","value":"test","type":"text"}],"url":{"raw":"http://localhost:9007/user-management-service/user/get/projects","protocol":"http","host":["localhost"],"port":"9007","path":["user-management-service","user","get","projects"]}},"response":[]},{"name":"IKP URL","id":"a4cb3a4d-f9c5-4f05-a3e5-26dd80a15f15","protocolProfileBehavior":{"disableBodyPruning":true},"request":{"auth":{"type":"noauth"},"method":"GET","header":[{"key":"X-HSBC-E2E-Trust-Token","value":"random","type":"text","disabled":true}],"url":{"raw":"https://digital-lab.ikp103s.cloud.hk.hsbc/user-management-service/user/get/projects","protocol":"https","host":["digital-lab","ikp103s","cloud","hk","hsbc"],"path":["user-management-service","user","get","projects"]}},"response":[]},{"name":"KONG GATEWAY URL","id":"832801c5-5c97-4741-951d-25a77938406d","protocolProfileBehavior":{"disableBodyPruning":true},"request":{"auth":{"type":"noauth"},"method":"GET","header":[{"key":"AMToken","value":"4WHY8SgB83lQxJAVqvwn55tJUxg.*AAJTSQACMDMAAlNLABxub2hYTTUrME5HN2pHK2NVVjFCRlZVbTRSeDA9AAR0eXBlAANDVFMAAlMxAAIwMg..*","type":"text"},{"key":"Token_Type","value":"SESSION_TOKEN","type":"text"}],"url":{"raw":"https://kdp02hk-dev.ikp101r.cloud.hk.hsbc/user-management-service/user/get/projects","protocol":"https","host":["kdp02hk-dev","ikp101r","cloud","hk","hsbc"],"path":["user-management-service","user","get","projects"]}},"response":[]},{"name":"KONG GATEWAY URL Copy","id":"33770702-b732-48b2-aad1-12773ac2d728","protocolProfileBehavior":{"disableBodyPruning":true},"request":{"auth":{"type":"noauth"},"method":"POST","header":[{"key":"AMToken","value":"8MqwybgcfcGQoixul-SNFtFi3Us.*AAJTSQACMDMAAlNLABxFSVU5dkUyejVmNVZjMmx3M1EvWUp1Y2JFcEk9AAR0eXBlAANDVFMAAlMxAAIwMQ..*","type":"text"},{"key":"Token_Type","value":"SESSION_TOKEN","type":"text"}],"url":{"raw":"https://kdp02hk-dev.ikp101r.cloud.hk.hsbc/user-management-service/user/login/sso?psid=45219408","protocol":"https","host":["kdp02hk-dev","ikp101r","cloud","hk","hsbc"],"path":["user-management-service","user","login","sso"],"query":[{"key":"psid","value":"45219408"}]}},"response":[]},{"name":"KONG GATEWAY URL Copy 2","id":"29a802c8-7a6b-44e2-ba06-3f6b93bd63f6","protocolProfileBehavior":{"disableBodyPruning":true},"request":{"auth":{"type":"noauth"},"method":"POST","header":[{"key":"AMToken","value":"8MqwybgcfcGQoixul-SNFtFi3Us.*AAJTSQACMDMAAlNLABxFSVU5dkUyejVmNVZjMmx3M1EvWUp1Y2JFcEk9AAR0eXBlAANDVFMAAlMxAAIwMQ..*","type":"text"},{"key":"Token_Type","value":"SESSION_TOKEN","type":"text"}],"url":{"raw":"https://kdp02hk-dev.ikp101r.cloud.hk.hsbc/user-management-service/user/usage/role?psid=45219408","protocol":"https","host":["kdp02hk-dev","ikp101r","cloud","hk","hsbc"],"path":["user-management-service","user","usage","role"],"query":[{"key":"psid","value":"45219408"}]}},"response":[]},{"name":"New Request","id":"bc420f61-d4a7-4107-bf1a-35ac6db718b9","protocolProfileBehavior":{"disableBodyPruning":true},"request":{"method":"GET","header":[]},"response":[]},{"name":"New Request","id":"6d80d2ab-a6a9-40c2-ba80-787aa72a990d","protocolProfileBehavior":{"disableBodyPruning":true},"request":{"method":"GET","header":[]},"response":[]},{"name":"DSP_TOKEN_TRANSLATOR_ENDPOINT","event":[{"listen":"test","script":{"id":"17529dd5-e04c-4071-be7e-bb4e4db60c9f","exec":["pm.environment.set(\"token\",pm.response.json().issued_token);"],"type":"text/javascript"}}],"id":"43395979-96db-4777-983a-1323f83ddec8","protocolProfileBehavior":{"disableBodyPruning":true},"request":{"method":"POST","header":[{"key":"Content-Type","value":"application/json","type":"text"},{"key":"AMToken","value":"c3XgNuJgER2wT0PraJuyRVTxbhY.*AAJTSQACMDMAAlNLABxOTkpIektWa1laQS95QS9GK0d1VnpuK3V6V3M9AAR0eXBlAANDVFMAAlMxAAIwMQ..*","type":"text","disabled":true},{"key":"Token_Type","value":"SESSION_TOKEN","type":"text","disabled":true}],"body":{"mode":"raw","raw":"{\n    \"input_token_state\": {\n        \"token_type\": \"SSOTOKEN\",\n        \"tokenId\": \"Spcw6jmHRdfnYv74a9vFDLFWVSs.*AAJTSQACMDMAAlNLABxHV1dJOXFCUGd0clpndHdVSi9IQWV6UzBzSHM9AAR0eXBlAANDVFMAAlMxAAIwMQ..*\"\n    },\n    \"output_token_state\": {\n        \"token_type\": \"JWT\"\n    }\n}"},"url":{"raw":"https://cmb-staff-dsp-uat.hk.hsbc:8443/dsp/rest-sts/staff/tokenTranslator?_action=translate","protocol":"https","host":["cmb-staff-dsp-uat","hk","hsbc"],"port":"8443","path":["dsp","rest-sts","staff","tokenTranslator"],"query":[{"key":"_action","value":"translate"}]}},"response":[]},{"name":"IKP -UAT","id":"aec35dbd-7f28-4a93-9eff-58ae4ed3b729","protocolProfileBehavior":{"disableBodyPruning":true},"request":{"method":"POST","header":[{"key":"X-Hsbc-E2e-Trust-Token","value":"{{token}}","type":"text"},{"key":"X-Requested-With","value":" XMLHttpRequest","type":"text","disabled":true}],"url":{"raw":"https://digital-lab.ikp103s.cloud.hk.hsbc/user-management-service/user/login/sso?psid=45219408","protocol":"https","host":["digital-lab","ikp103s","cloud","hk","hsbc"],"path":["user-management-service","user","login","sso"],"query":[{"key":"psid","value":"45219408"}]}},"response":[]},{"name":"LOCAL AUTHZ RULE SET","id":"c8a33045-4dd6-4eae-a14e-7c8e3d272420","protocolProfileBehavior":{"disableBodyPruning":true},"request":{"method":"POST","header":[{"key":"X-Hsbc-E2e-Trust-Token","value":"{{token}}","type":"text"}],"url":{"raw":"https://hkw20170761.hbap.adroot.hsbc:4007/user-management-service/user/login/sso?psid=45219408","protocol":"https","host":["hkw20170761","hbap","adroot","hsbc"],"port":"4007","path":["user-management-service","user","login","sso"],"query":[{"key":"psid","value":"45219408"}]}},"response":[]}]}