{"info":{"_postman_id":"7cd45f97-a145-4b0d-a5bf-e337ce23bcea","name":"New Collection","schema":"https://schema.getpostman.com/json/collection/v2.1.0/collection.json"},"item":[{"name":"DEVICE USAGE SERVICE","id":"c476e85f-773b-4a1b-bd1a-7e5849eebb3d","protocolProfileBehavior":{"disableBodyPruning":true},"request":{"method":"PATCH","header":[],"url":{"raw":"http://hkw25014624.hbap.adroot.hsbc:8008/byp/register?url=https://alm-jenkins209.hc.cloud.uk.hsbc:8706/job/gqep-automation/job/Digital_Platform/job/SampleDemoJMXChrome/&port=5001","protocol":"http","host":["hkw25014624","hbap","adroot","hsbc"],"port":"8008","path":["byp","register"],"query":[{"key":"url","value":"https://alm-jenkins209.hc.cloud.uk.hsbc:8706/job/gqep-automation/job/Digital_Platform/job/SampleDemoJMXChrome/"},{"key":"port","value":"5001","type":"text"}]}},"response":[]},{"name":"DEVICE SESSION INSERT","id":"acb23838-39bb-4910-bc1b-59011929c8ea","protocolProfileBehavior":{"disableBodyPruning":true,"disabledSystemHeaders":{}},"request":{"auth":{"type":"noauth"},"method":"POST","header":[],"body":{"mode":"formdata","formdata":[{"key":"psid","value":"45218430","type":"text"},{"key":"udid","value":"ZF6224BM3P","type":"text"}]},"url":{"raw":"https://hic-digitalplatformprodapi.hc.cloud.hk.hsbc:1234/v1/api/deviceAutomation/device/usage/validate","protocol":"https","host":["hic-digitalplatformprodapi","hc","cloud","hk","hsbc"],"port":"1234","path":["v1","api","deviceAutomation","device","usage","validate"]}},"response":[]},{"name":"New Request Copy","id":"fcbd9126-a903-4dfe-80f2-28dc92cbda83","protocolProfileBehavior":{"disableBodyPruning":true},"request":{"method":"PUT","header":[],"body":{"mode":"raw","raw":"{\r\n    \"projectName\": \"COMPLETETEST\",\r\n    \"projectStatus\": \"ACTIVE\",\r\n    \"projectType\": \"PERMANENT\",\r\n    \"monthlyUsage\": \"200\",\r\n    \"projectEndDate\": \"2023-10-31\",\r\n    \"psid\": \"45294323\"\r\n}","options":{"raw":{"language":"json"}}},"url":{"raw":"http://localhost:8021/add-project/projects","protocol":"http","host":["localhost"],"port":"8021","path":["add-project","projects"]}},"response":[]},{"name":"New Request","id":"e33ec314-d56b-4b0e-91d1-99291ea1ff2a","protocolProfileBehavior":{"disableBodyPruning":true},"request":{"method":"PUT","header":[],"body":{"mode":"formdata","formdata":[{"key":"file","type":"file","value":null}]},"url":{"raw":"http://localhost:8007/user/suspend/users?psid=45219408","protocol":"http","host":["localhost"],"port":"8007","path":["user","suspend","users"],"query":[{"key":"psid","value":"45219408"}]}},"response":[]},{"name":"New Request Copy 2","id":"6397a621-285b-4b3e-adc2-67228df139f3","protocolProfileBehavior":{"disableBodyPruning":true},"request":{"method":"PATCH","header":[],"body":{"mode":"formdata","formdata":[{"key":"file","type":"file","value":null}]},"url":{"raw":"http://hkw20170761.hbap.adroot.hsbc:7051/device-session/user/45294323","protocol":"http","host":["hkw20170761","hbap","adroot","hsbc"],"port":"7051","path":["device-session","user","45294323"]}},"response":[]},{"name":"New Request Copy 3","id":"5a2c77c6-400a-4c0d-b1e3-1a350dd8adb0","protocolProfileBehavior":{"disableBodyPruning":true},"request":{"method":"POST","header":[],"url":{"raw":"https://hkw20179519.hbap.adroot.hsbc:5678/usage/Report?from=2024-02-08&to=2024-03-08","protocol":"https","host":["hkw20179519","hbap","adroot","hsbc"],"port":"5678","path":["usage","Report"],"query":[{"key":"from","value":"2024-02-08"},{"key":"to","value":"2024-03-08"}]}},"response":[]},{"name":"New Request","id":"49791660-b90d-4e0c-9e47-d623df7fac32","protocolProfileBehavior":{"disableBodyPruning":true},"request":{"auth":{"type":"noauth"},"method":"DELETE","header":[],"url":{"raw":"https://hkw25014624.hbap.adroot.hsbc:4545/digital-platform-grid/wd/hub/session/8cf7cda4-54a1-4060-9608-93dfa88cf222","protocol":"https","host":["hkw25014624","hbap","adroot","hsbc"],"port":"4545","path":["digital-platform-grid","wd","hub","session","8cf7cda4-54a1-4060-9608-93dfa88cf222"]}},"response":[]},{"name":"SaveVideoTODB","id":"6467ab07-0858-48c2-a7c5-f684e1daf8a8","protocolProfileBehavior":{"disableBodyPruning":true},"request":{"method":"GET","header":[],"url":{"raw":"https://hkw25014624.hbap.adroot.hsbc:9002/v1/api/certificate","protocol":"https","host":["hkw25014624","hbap","adroot","hsbc"],"port":"9002","path":["v1","api","certificate"]}},"response":[]},{"name":"SaveVideoTODB Copy","id":"6b34ca6b-8dc5-4cb9-bc71-220fd2a8cf06","protocolProfileBehavior":{"disableBodyPruning":true},"request":{"method":"GET","header":[],"url":{"raw":"http://hkw20170761.hbap.adroot.hsbc:7051/mobile-report/sessions?sessionId=f2a8086f-4579-4e64-b26c-fc47a6dedb7d","protocol":"http","host":["hkw20170761","hbap","adroot","hsbc"],"port":"7051","path":["mobile-report","sessions"],"query":[{"key":"sessionId","value":"f2a8086f-4579-4e64-b26c-fc47a6dedb7d"}]}},"response":[]},{"name":"StreamVideoFrom DB","id":"93ea6b53-0862-46fa-a4de-4ebbaa0b98cc","protocolProfileBehavior":{"disableBodyPruning":true},"request":{"method":"GET","header":[],"url":{"raw":"http://localhost:8080/video/test","protocol":"http","host":["localhost"],"port":"8080","path":["video","test"]}},"response":[]},{"name":"New Request","id":"ac2d871f-7dbd-4e7f-82b6-cf371a4fd4fd","protocolProfileBehavior":{"disableBodyPruning":true},"request":{"method":"GET","header":[]},"response":[]},{"name":"New Request","id":"a43690fa-2b7c-489e-9f61-dca2ede413c6","protocolProfileBehavior":{"disableBodyPruning":true},"request":{"method":"POST","header":[],"body":{"mode":"urlencoded","urlencoded":[]},"url":{"raw":"https://hkw20179519.hbap.adroot.hsbc:5678/digitalPlatform/Utility/Report?from=2023-11-27&to=2023-12-27","protocol":"https","host":["hkw20179519","hbap","adroot","hsbc"],"port":"5678","path":["digitalPlatform","Utility","Report"],"query":[{"key":"from","value":"2023-11-27"},{"key":"to","value":"2023-12-27"}]}},"response":[]},{"name":"New Request","id":"f18af175-e260-4938-8725-4d023d6e2fe5","protocolProfileBehavior":{"disableBodyPruning":true},"request":{"auth":{"type":"noauth"},"method":"POST","header":[],"url":{"raw":"http://hkw20179519.hbap.adroot.hsbc:9011?url= https://alm-jenkins209.hc.cloud.uk.hsbc:8706/job/gqep-automation/job/INM-Functional-Automation&accessToken= NDUyMTk0MDg6RGVlcEAwNDIwMjM=","protocol":"http","host":["hkw20179519","hbap","adroot","hsbc"],"port":"9011","query":[{"key":"url","value":" https://alm-jenkins209.hc.cloud.uk.hsbc:8706/job/gqep-automation/job/INM-Functional-Automation","type":"text"},{"key":"accessToken","value":" NDUyMTk0MDg6RGVlcEAwNDIwMjM=","type":"text"}]}},"response":[]},{"name":"New Request","id":"2b9ace4a-4f35-4b2a-93bd-83a4ee7affe4","protocolProfileBehavior":{"disableBodyPruning":true},"request":{"method":"GET","header":[]},"response":[]}]}