{"info":{"_postman_id":"81cf947c-89bd-417d-97f4-a9553e6496f0","name":"AI-ML Solution","schema":"https://schema.getpostman.com/json/collection/v2.1.0/collection.json"},"item":[{"name":"AutoHealingRepo","item":[{"name":"relative-Xpaths","item":[{"name":"relative xpaths","id":"9181aa5c-a6e3-455c-a584-9a55077c25b7","protocolProfileBehavior":{"disableBodyPruning":true},"request":{"method":"POST","header":[],"body":{"mode":"raw","raw":"{\r\n    \"url\":\"https://pil-journey.ikp101xsm.cloud.hk.hsbc/\"\r\n}","options":{"raw":{"language":"json"}}},"url":{"raw":"http://127.0.0.1:8000/auto-healing/relative-xpaths","protocol":"http","host":["127","0","0","1"],"port":"8000","path":["auto-healing","relative-xpaths"]}},"response":[]},{"name":"relative-xpaths-server","id":"f5f6169b-f59c-48cc-87d5-7114887495fe","protocolProfileBehavior":{"disableBodyPruning":true},"request":{"method":"POST","header":[],"body":{"mode":"raw","raw":"{\r\n    \"body\": {\r\n        \"url\": \"https://pil-journey.ikp101xsm.cloud.hk.hsbc/\"\r\n    }\r\n}","options":{"raw":{"language":"json"}}},"url":{"raw":"http://hkw20170761.hbap.adroot.hsbc:5053/auto-healing/relative-xpaths","protocol":"http","host":["hkw20170761","hbap","adroot","hsbc"],"port":"5053","path":["auto-healing","relative-xpaths"]}},"response":[]}],"id":"5e7a083a-bead-4212-b816-fc42006df950"},{"name":"absolute-xpaths","item":[{"name":"auto-healing/crawl-xpaths","id":"fea23a2c-6a1a-4536-a90d-b6dc619e40e1","protocolProfileBehavior":{"disableBodyPruning":true},"request":{"method":"POST","header":[],"body":{"mode":"raw","raw":"{\r\n    \"url\":\"http://hkw20170761.hbap.adroot.hsbc:5000/DigitalPlatformTesting/ml_solution.html\"\r\n}","options":{"raw":{"language":"json"}}},"url":{"raw":"http://hkw25014624.hbap.adroot.hsbc:5052/auto-healing/crawl-xpaths","protocol":"http","host":["hkw25014624","hbap","adroot","hsbc"],"port":"5052","path":["auto-healing","crawl-xpaths"]}},"response":[]},{"name":"624basic_check","id":"ad761065-c6fc-4df6-8672-9c462082aadc","protocolProfileBehavior":{"disableBodyPruning":true},"request":{"method":"GET","header":[],"url":{"raw":""}},"response":[]},{"name":"basic check","id":"a8ff7387-8c4a-48d2-a5d1-c24c13a6d5ec","protocolProfileBehavior":{"disableBodyPruning":true},"request":{"method":"GET","header":[],"url":{"raw":""}},"response":[]}],"id":"8ad6edfe-4a45-4406-9cdd-8ad0672f9e93"}],"id":"cc1bc483-a0a3-4c00-99a1-646f78009f38"},{"name":"FSD-to-Manual-TestCases","item":[{"name":"SERVER","item":[{"name":"testcases-download_SERVER","id":"db703fe1-b98d-4258-b889-304abb7d784d","protocolProfileBehavior":{"disableBodyPruning":true},"request":{"method":"GET","header":[],"body":{"mode":"raw","raw":"{\r\n    \"file_name\":\"FRD_PIL_v 1.4.docx\"\r\n}","options":{"raw":{"language":"json"}}},"url":{"raw":"http://hkw20170761.hbap.adroot.hsbc:5055/fsd-testcases/testcases-download","protocol":"http","host":["hkw20170761","hbap","adroot","hsbc"],"port":"5055","path":["fsd-testcases","testcases-download"]}},"response":[]},{"name":"get_single_test_case_data_SERVER","id":"10656ca4-5edc-4a84-97e4-9566d928ccc3","protocolProfileBehavior":{"disableBodyPruning":true},"request":{"method":"POST","header":[],"body":{"mode":"raw","raw":"{\r\n    \"file_name\":\"FRD_PIL_v 1.4.docx\",\r\n    \"test_case_name\":\"Login Screen Flow Error Handling\"\r\n}","options":{"raw":{"language":"json"}}},"url":{"raw":"http://hkw20170761.hbap.adroot.hsbc:5055/fsd-testcases/view-testcase","protocol":"http","host":["hkw20170761","hbap","adroot","hsbc"],"port":"5055","path":["fsd-testcases","view-testcase"]}},"response":[]},{"name":"upload_testcase_SERVER","id":"235b4a1e-cc59-407d-93fe-20a7de44517c","protocolProfileBehavior":{"disableBodyPruning":true},"request":{"method":"POST","header":[],"body":{"mode":"file","file":{"src":"/C:/Users/45262244/Downloads/FRD_PIL_v 1.4.docx"}},"url":{"raw":"http://hkw20170761.hbap.adroot.hsbc:5055/fsd-testcases/testcase-converter","protocol":"http","host":["hkw20170761","hbap","adroot","hsbc"],"port":"5055","path":["fsd-testcases","testcase-converter"]}},"response":[]}],"id":"ba8c4d18-6a92-47fe-8ef2-70e860d68bc8"},{"name":"testcases-download","id":"fcb5e753-863a-43c4-8d7e-c409d1d79cbf","protocolProfileBehavior":{"disableBodyPruning":true},"request":{"method":"GET","header":[],"body":{"mode":"raw","raw":"{\r\n    \"file_name\":\"FRD_PIL_v 1.4.docx\"\r\n}","options":{"raw":{"language":"json"}}},"url":{"raw":"http://localhost:8000/fsd-testcases/testcases-download","protocol":"http","host":["localhost"],"port":"8000","path":["fsd-testcases","testcases-download"]}},"response":[]},{"name":"upload-doc","id":"9db25918-d60f-4fc5-89ff-d6e6aab3ccc1","protocolProfileBehavior":{"disableBodyPruning":true},"request":{"method":"POST","header":[],"body":{"mode":"file","file":{"src":"/C:/Users/45262244/Downloads/FRD_PIL_v 1.4.docx"}},"url":{"raw":"http://localhost:8000/fsd-testcases/testcase-converter","protocol":"http","host":["localhost"],"port":"8000","path":["fsd-testcases","testcase-converter"]}},"response":[]},{"name":"get_single_test_case_data","id":"1dba1e3d-c649-4311-bdb0-e9610488dc77","protocolProfileBehavior":{"disableBodyPruning":true},"request":{"method":"GET","header":[],"body":{"mode":"raw","raw":"{\r\n    \"file_name\":\"FRD_PIL_v 1.4.docx\",\r\n    \"test_case_name\":\"Login Screen Flow Error Handling\"\r\n}","options":{"raw":{"language":"json"}}},"url":{"raw":"http://127.0.0.1:8000/fsd-testcases/view-testcase","protocol":"http","host":["127","0","0","1"],"port":"8000","path":["fsd-testcases","view-testcase"]}},"response":[]},{"name":"New Request","id":"1579adbf-fc7f-4cd2-8ac2-e4985e810b44","protocolProfileBehavior":{"disableBodyPruning":true},"request":{"method":"GET","header":[],"url":{"raw":""}},"response":[]}],"id":"3c7ed7bd-45aa-42af-a149-ed81d231971c"}]}