{"info":{"_postman_id":"8a96adb8-d773-43b1-9cf7-0ebe6f0df5d3","name":"KONG GATEWAY","schema":"https://schema.getpostman.com/json/collection/v2.1.0/collection.json"},"item":[{"name":"ADD PROJECT","item":[{"name":"ADD-PROJECT-HTTPS","id":"c141fe82-6413-4101-b9c2-ba1334043475","protocolProfileBehavior":{"disableBodyPruning":true},"request":{"method":"GET","header":[{"key":"Amtoken","value":"_uBD2tk5wMuloRZcxUq1qLlqGrI.*AAJTSQACMDMAAlNLABxWd0g1Y0hPRU92ejJBNjdtUzFuQ0NRd0VTa2s9AAR0eXBlAANDVFMAAlMxAAIwMQ..*","type":"text","disabled":true},{"key":"Token_type","value":"SESSION_TOKEN","type":"text","disabled":true},{"key":"X-HSBC-E2E-Trust-Token","value":"tesasdasd","type":"text"}],"body":{"mode":"formdata","formdata":[]},"url":{"raw":"https://digital-lab.ikp103s.cloud.hk.hsbc/digital/digital/actuator","protocol":"https","host":["digital-lab","ikp103s","cloud","hk","hsbc"],"path":["digital","digital","actuator"]}},"response":[]},{"name":"ADD-PROJECT-KONG","id":"0f89b852-6843-4dc7-a4d9-12a7fb47745a","protocolProfileBehavior":{"disableBodyPruning":true},"request":{"method":"POST","header":[{"key":"Amtoken","value":"mYcWjmFzpBbZ4EoxBqcRsHTX0fo.*AAJTSQACMDMAAlNLABwyWWE4YkpPMHRhUXZTa01qejFuV0p4U1pSU0U9AAR0eXBlAANDVFMAAlMxAAIwMQ..*","type":"text"},{"key":"Token_type","value":"SESSION_TOKEN","type":"text"}],"body":{"mode":"formdata","formdata":[]},"url":{"raw":"https://kdp02hk-dev.ikp101r.cloud.hk.hsbc/add-project/addProject?projectName=TESTING_KONG","protocol":"https","host":["kdp02hk-dev","ikp101r","cloud","hk","hsbc"],"path":["add-project","addProject"],"query":[{"key":"projectName","value":"TESTING_KONG"}]}},"response":[]}],"id":"6baf2f7c-b679-47bd-b75b-89da3383f613"},{"name":"APP MANAGEMENT MASTER","item":[{"name":"New Request","id":"c023c119-1b40-48fb-85c6-21edf43e39c2","protocolProfileBehavior":{"disableBodyPruning":true},"request":{"method":"GET","header":[]},"response":[]}],"id":"f3e995a3-5e02-4be0-be0e-5d85142f5015"},{"name":"User management","item":[{"name":"SSO LOGIN","id":"44c2649c-8716-41ee-bae1-a7629089c745","protocolProfileBehavior":{"disableBodyPruning":true},"request":{"method":"POST","header":[{"key":"Amtoken","value":"scVT3Fx0lwO-Iemj4MsyOnxVVmk.*AAJTSQACMDMAAlNLABxzclR2ckx0WUErYU9tSVY0SnUyQlJhYld1Y0U9AAR0eXBlAANDVFMAAlMxAAIwMQ..*","type":"text"},{"key":"Token_type","value":"SESSION_TOKEN","type":"text"}],"url":{"raw":"https://kdp02hk-dev.ikp101r.cloud.hk.hsbc/user-management-service/user/login/sso?psid=45219408","protocol":"https","host":["kdp02hk-dev","ikp101r","cloud","hk","hsbc"],"path":["user-management-service","user","login","sso"],"query":[{"key":"psid","value":"45219408"}]}},"response":[]},{"name":"SSO LOGIN Copy","id":"d62fb996-828d-4773-806f-f41d72abf6dd","protocolProfileBehavior":{"disableBodyPruning":true},"request":{"method":"POST","header":[{"key":"Amtoken","value":"duYkFg9QcqbDqw53V4tzD0ceZfA.*AAJTSQACMDMAAlNLABxZM2dQMHJqaXk5eFllSjBJVWg1TXM2RmpXaU09AAR0eXBlAANDVFMAAlMxAAIwMg..*","type":"text"},{"key":"Token_type","value":"SESSION_TOKEN","type":"text"}],"url":{"raw":"https://kdp02hk-dev.ikp101r.cloud.hk.hsbc/user-management-service/user/loginToken?psid=45219408&password=digital","protocol":"https","host":["kdp02hk-dev","ikp101r","cloud","hk","hsbc"],"path":["user-management-service","user","loginToken"],"query":[{"key":"psid","value":"45219408"},{"key":"password","value":"digital"}]}},"response":[]}],"id":"108ec907-26aa-44f9-9792-98008b536ab7"},{"name":"New Request","id":"97c9ec9b-471c-4001-8bab-b022f56ac9f3","protocolProfileBehavior":{"disableBodyPruning":true},"request":{"method":"GET","header":[{"key":"Amtoken","value":"_ojFq9s4HdqsLlEYqEi36kHA6oI.*AAJTSQACMDMAAlNLABxUb1g0TzlGQmNjK2l5TGt0dm1VRW0xMlBOSFk9AAR0eXBlAANDVFMAAlMxAAIwMg..*","type":"text"},{"key":"Token_type","value":"SESSION_TOKEN","type":"text"}],"url":{"raw":"https://kdp02hk-dev.ikp101r.cloud.hk.hsbc/funcoco-api-testing/funcoco/alm/job/updateFromJenkins","protocol":"https","host":["kdp02hk-dev","ikp101r","cloud","hk","hsbc"],"path":["funcoco-api-testing","funcoco","alm","job","updateFromJenkins"]}},"response":[]},{"name":"New Request Copy","id":"c8ce435f-b5fe-4dbd-81c9-8402fc747456","protocolProfileBehavior":{"disableBodyPruning":true},"request":{"method":"GET","header":[{"key":"Amtoken","value":"_FKE08Tn1s12bVECw64R4akYip4.*AAJTSQACMDMAAlNLABx4NmFIM2cxSkliQ2pQZFc1YytJRkpkMGFWdjQ9AAR0eXBlAANDVFMAAlMxAAIwMg..*","type":"text"},{"key":"Token_type","value":"SESSION_TOKEN","type":"text"}],"url":{"raw":"https://kdp02hk-dev.ikp101r.cloud.hk.hsbc/funcoco-api-testing/funcoco/alm/job/updateFromJenkins","protocol":"https","host":["kdp02hk-dev","ikp101r","cloud","hk","hsbc"],"path":["funcoco-api-testing","funcoco","alm","job","updateFromJenkins"]}},"response":[]}]}