{"info":{"_postman_id":"8bb109a9-dd61-4314-b2fe-b48affd07531","name":"ADD PROJECT","schema":"https://schema.getpostman.com/json/collection/v2.1.0/collection.json"},"item":[{"name":"ADD PROJECT","id":"6f552a9b-8881-437a-9897-dbfb57848ae7","protocolProfileBehavior":{"disableBodyPruning":true},"request":{"method":"POST","header":[],"url":{"raw":"http://localhost:8021/addProject?projectName=TESTING","protocol":"http","host":["localhost"],"port":"8021","path":["addProject"],"query":[{"key":"projectName","value":"TESTING"}]}},"response":[]}]}