{"info":{"_postman_id":"8e749195-57e9-49b8-b4f1-9e4f59beeee7","name":"Actuator","schema":"https://schema.getpostman.com/json/collection/v2.1.0/collection.json"},"item":[{"name":"MOBILE_REPORT_EXP","id":"9c3d8581-0d38-4773-8a3c-8d0ab5a41452","protocolProfileBehavior":{"disableBodyPruning":true},"request":{"method":"GET","header":[],"url":{"raw":"http://hkw25096420.hbap.adroot.hsbc:9051/actuator","protocol":"http","host":["hkw25096420","hbap","adroot","hsbc"],"port":"9051","path":["actuator"]}},"response":[]},{"name":"API_GATEWAY","id":"5b6fc487-e669-439e-8b50-c8ab95854d05","protocolProfileBehavior":{"disableBodyPruning":true},"request":{"method":"GET","header":[],"url":{"raw":"https://hkw25096420.hbap.adroot.hsbc:1234/actuator","protocol":"https","host":["hkw25096420","hbap","adroot","hsbc"],"port":"1234","path":["actuator"]}},"response":[]},{"name":"HML_IOS_DEVICES","id":"428b03d8-3953-447c-95ef-bfab28200940","protocolProfileBehavior":{"disableBodyPruning":true},"request":{"method":"GET","header":[],"url":{"raw":"https://hkw25096420.hbap.adroot.hsbc:9990/actuator","protocol":"https","host":["hkw25096420","hbap","adroot","hsbc"],"port":"9990","path":["actuator"]}},"response":[]},{"name":"Utilization_Schedular","id":"11aacc2d-129b-4baf-8ade-605284cdabc4","protocolProfileBehavior":{"disableBodyPruning":true},"request":{"method":"GET","header":[],"url":{"raw":"http://hkw25096420.hbap.adroot.hsbc:9022/actuator","protocol":"http","host":["hkw25096420","hbap","adroot","hsbc"],"port":"9022","path":["actuator"]}},"response":[]},{"name":"User_management","id":"5ad8d6b3-20d9-4562-9386-b826634da1b9","protocolProfileBehavior":{"disableBodyPruning":true},"request":{"method":"GET","header":[],"url":{"raw":"http://hkw25096420.hbap.adroot.hsbc:9007/actuator","protocol":"http","host":["hkw25096420","hbap","adroot","hsbc"],"port":"9007","path":["actuator"]}},"response":[]},{"name":"FUNCOCO_API","id":"e5900817-d065-4e43-a9f3-a378055447f8","protocolProfileBehavior":{"disableBodyPruning":true},"request":{"method":"GET","header":[],"url":{"raw":"http://hkw25096420.hbap.adroot.hsbc:9007/actuator","protocol":"http","host":["hkw25096420","hbap","adroot","hsbc"],"port":"9007","path":["actuator"]}},"response":[]},{"name":"UTILIZATION_MAIL_REPORT","id":"4ab59bf2-97e4-4b28-90a5-18fb19bf6ccf","protocolProfileBehavior":{"disableBodyPruning":true},"request":{"method":"GET","header":[],"url":{"raw":"http://hkw25096420.hbap.adroot.hsbc:9888/actuator","protocol":"http","host":["hkw25096420","hbap","adroot","hsbc"],"port":"9888","path":["actuator"]}},"response":[]},{"name":"UTILIZATION_MAIL_REPORT Copy","id":"0444297a-e3a7-4f7b-991f-826df806c5f8","protocolProfileBehavior":{"disableBodyPruning":true},"request":{"method":"GET","header":[],"url":{"raw":"http://hkw25096420.hbap.adroot.hsbc:9888/actuator","protocol":"http","host":["hkw25096420","hbap","adroot","hsbc"],"port":"9888","path":["actuator"]}},"response":[]},{"name":"New Request Copy","id":"ef5b90b3-a040-4061-a1ab-cd69d993988c","protocolProfileBehavior":{"disableBodyPruning":true},"request":{"method":"GET","header":[],"body":{"mode":"raw","raw":"{\"value\":{\"platform\":\"LINUX\",\"webStorageEnabled\":false,\"takesScreenshot\":true,\"javascriptEnabled\":true,\"databaseEnabled\":false,\"networkConnectionEnabled\":true,\"locationContextEnabled\":false,\"warnings\":{},\"desired\":{\"platformName\":\"android\",\"server:CONFIG_UUID\":\"27369fba-9883-4842-a37c-9d7c0c19d701\",\"appActivity\":\"com.hsbc.gqepdemo.login.LoginActivity\",\"appPackage\":\"com.hsbc.gqepdemo\",\"platformVersion\":\"10.0\",\"automationName\":\"UiAutomator2\",\"udid\":\"12dde760\",\"deviceName\":\"OnePlus 8\",\"systemPort\":4725,\"usePrebuiltWDA\":true,\"updatedWDABundleId\":\"com.gqep.WebDriverAgentRunner\",\"derivedDataPath\":\"/Users/abhinava.soti/Library/Developer/Xcode/DerivedData/WebDriverAgent-eubpcyhzshbvsnemhthdbpodeuqk\",\"psid\":\"45266786\"},\"platformName\":\"android\",\"server:CONFIG_UUID\":\"27369fba-9883-4842-a37c-9d7c0c19d701\",\"appActivity\":\"com.hsbc.gqepdemo.login.LoginActivity\",\"appPackage\":\"com.hsbc.gqepdemo\",\"platformVersion\":\"10\",\"automationName\":\"UiAutomator2\",\"udid\":\"12dde760\",\"deviceName\":\"12dde760\",\"systemPort\":4725,\"usePrebuiltWDA\":true,\"updatedWDABundleId\":\"com.gqep.WebDriverAgentRunner\",\"derivedDataPath\":\"/Users/abhinava.soti/Library/Developer/Xcode/DerivedData/WebDriverAgent-eubpcyhzshbvsnemhthdbpodeuqk\",\"psid\":\"45266786\",\"deviceUDID\":\"12dde760\",\"deviceApiLevel\":29,\"deviceScreenSize\":\"1080x2400\",\"deviceScreenDensity\":420,\"deviceModel\":\"IN2011\",\"deviceManufacturer\":\"OnePlus\",\"pixelRatio\":2.625,\"statBarHeight\":104,\"viewportRect\":{\"left\":0,\"top\":104,\"width\":1080,\"height\":2067},\"lastScrollData\":null}}","options":{"raw":{"language":"json"}}},"url":{"raw":"http://a356cmdzyertpux.in.hsbc:4723/wd/hub/sessions","protocol":"http","host":["a356cmdzyertpux","in","hsbc"],"port":"4723","path":["wd","hub","sessions"]}},"response":[]},{"name":"New Request","id":"a079843e-89a1-42fd-8cc6-24fc4b9ff8cd","protocolProfileBehavior":{"disableBodyPruning":true},"request":{"method":"GET","header":[],"body":{"mode":"raw","raw":"{\r\n    \"value\": [\r\n        {\r\n            \"id\": \"e0e2be0f-eb22-47c4-a968-c182e46b714e\",\r\n            \"capabilities\": {\r\n                \"platform\": \"LINUX\",\r\n                \"webStorageEnabled\": false,\r\n                \"takesScreenshot\": true,\r\n                \"javascriptEnabled\": true,\r\n                \"databaseEnabled\": false,\r\n                \"networkConnectionEnabled\": true,\r\n                \"locationContextEnabled\": false,\r\n                \"warnings\": {},\r\n                \"desired\": {\r\n                    \"platformName\": \"android\",\r\n                    \"server:CONFIG_UUID\": \"27369fba-9883-4842-a37c-9d7c0c19d701\",\r\n                    \"appActivity\": \"com.hsbc.gqepdemo.login.LoginActivity\",\r\n                    \"appPackage\": \"com.hsbc.gqepdemo\",\r\n                    \"platformVersion\": \"10.0\",\r\n                    \"automationName\": \"UiAutomator2\",\r\n                    \"udid\": \"12dde760\",\r\n                    \"deviceName\": \"OnePlus 8\",\r\n                    \"systemPort\": 4725,\r\n                    \"usePrebuiltWDA\": true,\r\n                    \"updatedWDABundleId\": \"com.gqep.WebDriverAgentRunner\",\r\n                    \"derivedDataPath\": \"/Users/abhinava.soti/Library/Developer/Xcode/DerivedData/WebDriverAgent-eubpcyhzshbvsnemhthdbpodeuqk\",\r\n                    \"psid\": \"45266786\"\r\n                },\r\n                \"platformName\": \"android\",\r\n                \"server:CONFIG_UUID\": \"27369fba-9883-4842-a37c-9d7c0c19d701\",\r\n                \"appActivity\": \"com.hsbc.gqepdemo.login.LoginActivity\",\r\n                \"appPackage\": \"com.hsbc.gqepdemo\",\r\n                \"platformVersion\": \"10\",\r\n                \"automationName\": \"UiAutomator2\",\r\n                \"udid\": \"12dde760\",\r\n                \"deviceName\": \"12dde760\",\r\n                \"systemPort\": 4725,\r\n                \"usePrebuiltWDA\": true,\r\n                \"updatedWDABundleId\": \"com.gqep.WebDriverAgentRunner\",\r\n                \"derivedDataPath\": \"/Users/abhinava.soti/Library/Developer/Xcode/DerivedData/WebDriverAgent-eubpcyhzshbvsnemhthdbpodeuqk\",\r\n                \"psid\": \"45266786\",\r\n                \"deviceUDID\": \"12dde760\",\r\n                \"deviceApiLevel\": 29,\r\n                \"deviceScreenSize\": \"1080x2400\",\r\n                \"deviceScreenDensity\": 420,\r\n                \"deviceModel\": \"IN2011\",\r\n                \"deviceManufacturer\": \"OnePlus\",\r\n                \"pixelRatio\": 2.625,\r\n                \"statBarHeight\": 104,\r\n                \"viewportRect\": {\r\n                    \"left\": 0,\r\n                    \"top\": 104,\r\n                    \"width\": 1080,\r\n                    \"height\": 2067\r\n                }\r\n            }\r\n        },\r\n        {\r\n            \"id\": \"71a604c9-77c3-432a-9052-cea2bb98ccac\",\r\n            \"capabilities\": {\r\n                \"platformName\": \"ios\",\r\n                \"server:CONFIG_UUID\": \"6b458db2-9a80-43eb-ab47-ad024bbd3a0c\",\r\n                \"platformVersion\": \"15.5\",\r\n                \"automationName\": \"XCUITest\",\r\n                \"bundleId\": \"com.gqep.GQEPDemo\",\r\n                \"udid\": \"a2b2a272f1ed9a1a29de64562ba63d9cb431eb85\",\r\n                \"deviceName\": \"iPhone 8 Plus\",\r\n                \"wdaLocalPort\": 8002,\r\n                \"usePrebuiltWDA\": true,\r\n                \"updatedWDABundleId\": \"com.gqep.WebDriverAgentRunner\",\r\n                \"derivedDataPath\": \"/Users/abhinava.soti/Library/Developer/Xcode/DerivedData/WebDriverAgent-eubpcyhzshbvsnemhthdbpodeuqk\",\r\n                \"psid\": \"45266786\"\r\n            }\r\n        }\r\n    ],\r\n    \"sessionId\": null,\r\n    \"status\": 0\r\n}","options":{"raw":{"language":"json"}}}},"response":[]}]}