{"info":{"_postman_id":"99ab4eb3-791e-4522-b941-0935fe6e7891","name":"LoadBalancer","schema":"https://schema.getpostman.com/json/collection/v2.1.0/collection.json"},"item":[{"name":"PROCESS DATA","event":[{"listen":"test","script":{"id":"569060b3-dcc3-46fc-873c-66256f80ecff","exec":["console.log(pm.response.body)"],"type":"text/javascript"}}],"id":"43ef1162-317a-448b-a755-7e4594c99ed2","protocolProfileBehavior":{"disableBodyPruning":true},"request":{"method":"GET","header":[],"url":{"raw":"http://localhost:8090/web-accessibility/processData/","protocol":"http","host":["localhost"],"port":"8090","path":["web-accessibility","processData",""]}},"response":[]},{"name":"CONSUME DATA","event":[{"listen":"test","script":{"id":"569060b3-dcc3-46fc-873c-66256f80ecff","exec":["console.log(pm.response.body)"],"type":"text/javascript"}}],"id":"710a963b-e38e-4be5-9fbf-ff19d2d09513","protocolProfileBehavior":{"disableBodyPruning":true},"request":{"method":"GET","header":[],"url":{"raw":"https://hkw25014624.hbap.adroot.hsbc:8090/web-accessibility/consumeData/","protocol":"https","host":["hkw25014624","hbap","adroot","hsbc"],"port":"8090","path":["web-accessibility","consumeData",""]}},"response":[]},{"name":"ADD_NODE_DETAILS","event":[{"listen":"test","script":{"id":"569060b3-dcc3-46fc-873c-66256f80ecff","exec":["console.log(pm.response.body)"],"type":"text/javascript"}}],"id":"c6bad0d3-2adc-405d-83c7-ae011d52f520","protocolProfileBehavior":{"disableBodyPruning":true},"request":{"method":"POST","header":[],"body":{"mode":"raw","raw":"{\r\n    \"nodeHostName\":\"hkw20170761.hbap.adroot.hsbc\",\r\n    \"nodePort\":\"3030\",\r\n    \"status\":\"AVAILABLE\"\r\n}","options":{"raw":{"language":"json"}}},"url":{"raw":"http://hkw25077178.hbap.adroot.hsbc:9090/nodes/node","protocol":"http","host":["hkw25077178","hbap","adroot","hsbc"],"port":"9090","path":["nodes","node"]}},"response":[]},{"name":"GET AVAILABLE NODE","event":[{"listen":"test","script":{"id":"569060b3-dcc3-46fc-873c-66256f80ecff","exec":["console.log(pm.response.body)"],"type":"text/javascript"}}],"id":"722a7e13-5a0c-4f17-8835-906132f31c22","protocolProfileBehavior":{"disableBodyPruning":true},"request":{"method":"GET","header":[],"url":{"raw":"http://hkw25077178.hbap.adroot.hsbc:9090/nodes/node","protocol":"http","host":["hkw25077178","hbap","adroot","hsbc"],"port":"9090","path":["nodes","node"]}},"response":[]},{"name":"New Request","id":"49aec2f4-372b-48d7-9cdb-97f29c2d5759","protocolProfileBehavior":{"disableBodyPruning":true},"request":{"method":"POST","header":[],"body":{"mode":"raw","raw":"{\"webAccessNodeUrlEntityList\":[{\"id\":477,\"psid\":\"45219408\",\"sessionID\":\"6897eb79-a15f-5e4d-bfb2-09949ff483ce\",\"nodeSessionID\":\"67cccec2-605b-4eaf-8cce-c2605b5eaf05\",\"url\":\"https://www.hsbc.com/who-we-are/our-climate-strategy\",\"proxyDetails\":\"http://indpxy1.hdpi.in.hsbc:8080\",\"queueFlag\":\"Y\",\"submittedDate\":{\"date\":{\"year\":2024,\"month\":3,\"day\":1},\"time\":{\"hour\":9,\"minute\":59,\"second\":22,\"nano\":835454000}},\"updatedDate\":{\"date\":{\"year\":2024,\"month\":3,\"day\":1},\"time\":{\"hour\":9,\"minute\":59,\"second\":22,\"nano\":835454000}}},{\"id\":478,\"psid\":\"45219408\",\"sessionID\":\"6897eb79-a15f-5e4d-bfb2-09949ff483ce\",\"nodeSessionID\":\"e6edc41d-bc6b-4cf8-adc4-1dbc6bccf8a1\",\"url\":\"https://www.hsbc.com/who-we-are/our-climate-strategy/our-net-zero-transition-plan\",\"proxyDetails\":\"http://indpxy1.hdpi.in.hsbc:8080\",\"queueFlag\":\"Y\",\"submittedDate\":{\"date\":{\"year\":2024,\"month\":3,\"day\":1},\"time\":{\"hour\":9,\"minute\":59,\"second\":22,\"nano\":835454000}},\"updatedDate\":{\"date\":{\"year\":2024,\"month\":3,\"day\":1},\"time\":{\"hour\":9,\"minute\":59,\"second\":22,\"nano\":835454000}}},{\"id\":479,\"psid\":\"45219408\",\"sessionID\":\"6897eb79-a15f-5e4d-bfb2-09949ff483ce\",\"nodeSessionID\":\"d128ce4e-7061-4ab2-a8ce-4e7061dab2b7\",\"url\":\"https://www.hsbc.com/who-we-are/our-climate-strategy/financing-net-zero\",\"proxyDetails\":\"http://indpxy1.hdpi.in.hsbc:8080\",\"queueFlag\":\"Y\",\"submittedDate\":{\"date\":{\"year\":2024,\"month\":3,\"day\":1},\"time\":{\"hour\":9,\"minute\":59,\"second\":22,\"nano\":835454000}},\"updatedDate\":{\"date\":{\"year\":2024,\"month\":3,\"day\":1},\"time\":{\"hour\":9,\"minute\":59,\"second\":22,\"nano\":835454000}}},{\"id\":480,\"psid\":\"45219408\",\"sessionID\":\"6897eb79-a15f-5e4d-bfb2-09949ff483ce\",\"nodeSessionID\":\"0b216777-5e01-452e-a167-775e01252e90\",\"url\":\"https://www.hsbc.com/who-we-are/our-climate-strategy/tracking-the-emissions-we-finance\",\"proxyDetails\":\"http://indpxy1.hdpi.in.hsbc:8080\",\"queueFlag\":\"Y\",\"submittedDate\":{\"date\":{\"year\":2024,\"month\":3,\"day\":1},\"time\":{\"hour\":9,\"minute\":59,\"second\":22,\"nano\":835454000}},\"updatedDate\":{\"date\":{\"year\":2024,\"month\":3,\"day\":1},\"time\":{\"hour\":9,\"minute\":59,\"second\":22,\"nano\":835454000}}},{\"id\":481,\"psid\":\"45219408\",\"sessionID\":\"6897eb79-a15f-5e4d-bfb2-09949ff483ce\",\"nodeSessionID\":\"3950b7b2-5ab3-43bd-90b7-b25ab3b3bd89\",\"url\":\"https://www.hsbc.com/who-we-are/our-climate-strategy/climate-solutions-partnership\",\"proxyDetails\":\"http://indpxy1.hdpi.in.hsbc:8080\",\"queueFlag\":\"Y\",\"submittedDate\":{\"date\":{\"year\":2024,\"month\":3,\"day\":1},\"time\":{\"hour\":9,\"minute\":59,\"second\":22,\"nano\":835454000}},\"updatedDate\":{\"date\":{\"year\":2024,\"month\":3,\"day\":1},\"time\":{\"hour\":9,\"minute\":59,\"second\":22,\"nano\":835454000}}},{\"id\":482,\"psid\":\"45219408\",\"sessionID\":\"6897eb79-a15f-5e4d-bfb2-09949ff483ce\",\"nodeSessionID\":\"0ba6ef3b-eecf-4a27-a6ef-3beecfca27cb\",\"url\":\"https://www.hsbc.com/who-we-are/our-climate-strategy/net-zero-in-our-operations\",\"proxyDetails\":\"http://indpxy1.hdpi.in.hsbc:8080\",\"queueFlag\":\"Y\",\"submittedDate\":{\"date\":{\"year\":2024,\"month\":3,\"day\":1},\"time\":{\"hour\":9,\"minute\":59,\"second\":22,\"nano\":835454000}},\"updatedDate\":{\"date\":{\"year\":2024,\"month\":3,\"day\":1},\"time\":{\"hour\":9,\"minute\":59,\"second\":22,\"nano\":835454000}}},{\"id\":483,\"psid\":\"45219408\",\"sessionID\":\"6897eb79-a15f-5e4d-bfb2-09949ff483ce\",\"nodeSessionID\":\"6e85dc00-1239-42a6-85dc-00123982a62d\",\"url\":\"https://www.hsbc.com/who-we-are/our-people-and-communities\",\"proxyDetails\":\"http://indpxy1.hdpi.in.hsbc:8080\",\"queueFlag\":\"Y\",\"submittedDate\":{\"date\":{\"year\":2024,\"month\":3,\"day\":1},\"time\":{\"hour\":9,\"minute\":59,\"second\":22,\"nano\":835454000}},\"updatedDate\":{\"date\":{\"year\":2024,\"month\":3,\"day\":1},\"time\":{\"hour\":9,\"minute\":59,\"second\":22,\"nano\":835454000}}},{\"id\":484,\"psid\":\"45219408\",\"sessionID\":\"6897eb79-a15f-5e4d-bfb2-09949ff483ce\",\"nodeSessionID\":\"9afd2a45-661a-4181-bd2a-45661a61816c\",\"url\":\"https://www.hsbc.com/who-we-are/our-people-and-communities/inclusion\",\"proxyDetails\":\"http://indpxy1.hdpi.in.hsbc:8080\",\"queueFlag\":\"Y\",\"submittedDate\":{\"date\":{\"year\":2024,\"month\":3,\"day\":1},\"time\":{\"hour\":9,\"minute\":59,\"second\":22,\"nano\":835454000}},\"updatedDate\":{\"date\":{\"year\":2024,\"month\":3,\"day\":1},\"time\":{\"hour\":9,\"minute\":59,\"second\":22,\"nano\":835454000}}},{\"id\":485,\"psid\":\"45219408\",\"sessionID\":\"6897eb79-a15f-5e4d-bfb2-09949ff483ce\",\"nodeSessionID\":\"97860a4b-b330-4396-860a-4bb3300396c7\",\"url\":\"https://www.hsbc.com/who-we-are/our-people-and-communities/learning-together\",\"proxyDetails\":\"http://indpxy1.hdpi.in.hsbc:8080\",\"queueFlag\":\"Y\",\"submittedDate\":{\"date\":{\"year\":2024,\"month\":3,\"day\":1},\"time\":{\"hour\":9,\"minute\":59,\"second\":22,\"nano\":835454000}},\"updatedDate\":{\"date\":{\"year\":2024,\"month\":3,\"day\":1},\"time\":{\"hour\":9,\"minute\":59,\"second\":22,\"nano\":835454000}}},{\"id\":486,\"psid\":\"45219408\",\"sessionID\":\"6897eb79-a15f-5e4d-bfb2-09949ff483ce\",\"nodeSessionID\":\"a2fc8375-dc96-4246-bc83-75dc96d2469f\",\"url\":\"https://www.hsbc.com/who-we-are/our-people-and-communities/supporting-communities\",\"proxyDetails\":\"http://indpxy1.hdpi.in.hsbc:8080\",\"queueFlag\":\"Y\",\"submittedDate\":{\"date\":{\"year\":2024,\"month\":3,\"day\":1},\"time\":{\"hour\":9,\"minute\":59,\"second\":22,\"nano\":836450000}},\"updatedDate\":{\"date\":{\"year\":2024,\"month\":3,\"day\":1},\"time\":{\"hour\":9,\"minute\":59,\"second\":22,\"nano\":836450000}}},{\"id\":487,\"psid\":\"45219408\",\"sessionID\":\"6897eb79-a15f-5e4d-bfb2-09949ff483ce\",\"nodeSessionID\":\"155d78a4-39cb-4018-9d78-a439cbe01864\",\"url\":\"https://www.hsbc.com/who-we-are/our-people-and-communities/hsbc-university\",\"proxyDetails\":\"http://indpxy1.hdpi.in.hsbc:8080\",\"queueFlag\":\"Y\",\"submittedDate\":{\"date\":{\"year\":2024,\"month\":3,\"day\":1},\"time\":{\"hour\":9,\"minute\":59,\"second\":22,\"nano\":836450000}},\"updatedDate\":{\"date\":{\"year\":2024,\"month\":3,\"day\":1},\"time\":{\"hour\":9,\"minute\":59,\"second\":22,\"nano\":836450000}}},{\"id\":488,\"psid\":\"45219408\",\"sessionID\":\"6897eb79-a15f-5e4d-bfb2-09949ff483ce\",\"nodeSessionID\":\"75c68930-e557-424d-8689-30e557224d92\",\"url\":\"https://www.hsbc.com/who-we-are/our-people-and-communities/volunteering\",\"proxyDetails\":\"http://indpxy1.hdpi.in.hsbc:8080\",\"queueFlag\":\"Y\",\"submittedDate\":{\"date\":{\"year\":2024,\"month\":3,\"day\":1},\"time\":{\"hour\":9,\"minute\":59,\"second\":22,\"nano\":836450000}},\"updatedDate\":{\"date\":{\"year\":2024,\"month\":3,\"day\":1},\"time\":{\"hour\":9,\"minute\":59,\"second\":22,\"nano\":836450000}}},{\"id\":489,\"psid\":\"45219408\",\"sessionID\":\"6897eb79-a15f-5e4d-bfb2-09949ff483ce\",\"nodeSessionID\":\"e8d20f69-2f84-44f4-920f-692f8434f44f\",\"url\":\"https://www.hsbc.com/who-we-are/our-people-and-communities/sports-partnerships\",\"proxyDetails\":\"http://indpxy1.hdpi.in.hsbc:8080\",\"queueFlag\":\"Y\",\"submittedDate\":{\"date\":{\"year\":2024,\"month\":3,\"day\":1},\"time\":{\"hour\":9,\"minute\":59,\"second\":22,\"nano\":836450000}},\"updatedDate\":{\"date\":{\"year\":2024,\"month\":3,\"day\":1},\"time\":{\"hour\":9,\"minute\":59,\"second\":22,\"nano\":836450000}}},{\"id\":490,\"psid\":\"45219408\",\"sessionID\":\"6897eb79-a15f-5e4d-bfb2-09949ff483ce\",\"nodeSessionID\":\"b290dc10-18e3-4c62-90dc-1018e37c62c1\",\"url\":\"https://www.hsbc.com/who-we-are/digital-banking\",\"proxyDetails\":\"http://indpxy1.hdpi.in.hsbc:8080\",\"queueFlag\":\"Y\",\"submittedDate\":{\"date\":{\"year\":2024,\"month\":3,\"day\":1},\"time\":{\"hour\":9,\"minute\":59,\"second\":22,\"nano\":836450000}},\"updatedDate\":{\"date\":{\"year\":2024,\"month\":3,\"day\":1},\"time\":{\"hour\":9,\"minute\":59,\"second\":22,\"nano\":836450000}}},{\"id\":491,\"psid\":\"45219408\",\"sessionID\":\"6897eb79-a15f-5e4d-bfb2-09949ff483ce\",\"nodeSessionID\":\"f058cdd9-8e0a-4b25-98cd-d98e0a4b252c\",\"url\":\"https://www.hsbc.com/who-we-are/our-history\",\"proxyDetails\":\"http://indpxy1.hdpi.in.hsbc:8080\",\"queueFlag\":\"Y\",\"submittedDate\":{\"date\":{\"year\":2024,\"month\":3,\"day\":1},\"time\":{\"hour\":9,\"minute\":59,\"second\":22,\"nano\":836450000}},\"updatedDate\":{\"date\":{\"year\":2024,\"month\":3,\"day\":1},\"time\":{\"hour\":9,\"minute\":59,\"second\":22,\"nano\":836450000}}},{\"id\":492,\"psid\":\"45219408\",\"sessionID\":\"6897eb79-a15f-5e4d-bfb2-09949ff483ce\",\"nodeSessionID\":\"f96cc7be-3408-42e1-acc7-be340802e150\",\"url\":\"https://www.hsbc.com/who-we-are/our-history/history-timeline\",\"proxyDetails\":\"http://indpxy1.hdpi.in.hsbc:8080\",\"queueFlag\":\"Y\",\"submittedDate\":{\"date\":{\"year\":2024,\"month\":3,\"day\":1},\"time\":{\"hour\":9,\"minute\":59,\"second\":22,\"nano\":836450000}},\"updatedDate\":{\"date\":{\"year\":2024,\"month\":3,\"day\":1},\"time\":{\"hour\":9,\"minute\":59,\"second\":22,\"nano\":836450000}}},{\"id\":493,\"psid\":\"45219408\",\"sessionID\":\"6897eb79-a15f-5e4d-bfb2-09949ff483ce\",\"nodeSessionID\":\"60d63032-cbee-4aaa-9630-32cbee2aaa8a\",\"url\":\"https://www.hsbc.com/who-we-are/esg-and-responsible-business\",\"proxyDetails\":\"http://indpxy1.hdpi.in.hsbc:8080\",\"queueFlag\":\"Y\",\"submittedDate\":{\"date\":{\"year\":2024,\"month\":3,\"day\":1},\"time\":{\"hour\":9,\"minute\":59,\"second\":22,\"nano\":836450000}},\"updatedDate\":{\"date\":{\"year\":2024,\"month\":3,\"day\":1},\"time\":{\"hour\":9,\"minute\":59,\"second\":22,\"nano\":836450000}}},{\"id\":494,\"psid\":\"45219408\",\"sessionID\":\"6897eb79-a15f-5e4d-bfb2-09949ff483ce\",\"nodeSessionID\":\"e876a458-88a1-4511-b6a4-5888a1951177\",\"url\":\"https://www.hsbc.com/who-we-are/esg-and-responsible-business/esg-reporting-centre\",\"proxyDetails\":\"http://indpxy1.hdpi.in.hsbc:8080\",\"queueFlag\":\"Y\",\"submittedDate\":{\"date\":{\"year\":2024,\"month\":3,\"day\":1},\"time\":{\"hour\":9,\"minute\":59,\"second\":22,\"nano\":836450000}},\"updatedDate\":{\"date\":{\"year\":2024,\"month\":3,\"day\":1},\"time\":{\"hour\":9,\"minute\":59,\"second\":22,\"nano\":836450000}}},{\"id\":495,\"psid\":\"45219408\",\"sessionID\":\"6897eb79-a15f-5e4d-bfb2-09949ff483ce\",\"nodeSessionID\":\"f1768bfd-d78f-4141-b68b-fdd78f3141d6\",\"url\":\"https://www.hsbc.com/who-we-are/esg-and-responsible-business/our-conduct\",\"proxyDetails\":\"http://indpxy1.hdpi.in.hsbc:8080\",\"queueFlag\":\"Y\",\"submittedDate\":{\"date\":{\"year\":2024,\"month\":3,\"day\":1},\"time\":{\"hour\":9,\"minute\":59,\"second\":22,\"nano\":836450000}},\"updatedDate\":{\"date\":{\"year\":2024,\"month\":3,\"day\":1},\"time\":{\"hour\":9,\"minute\":59,\"second\":22,\"nano\":836450000}}},{\"id\":496,\"psid\":\"45219408\",\"sessionID\":\"6897eb79-a15f-5e4d-bfb2-09949ff483ce\",\"nodeSessionID\":\"8acb0bec-1039-4530-8b0b-ec103955307e\",\"url\":\"https://www.hsbc.com/who-we-are/esg-and-responsible-business/tax-transparency\",\"proxyDetails\":\"http://indpxy1.hdpi.in.hsbc:8080\",\"queueFlag\":\"Y\",\"submittedDate\":{\"date\":{\"year\":2024,\"month\":3,\"day\":1},\"time\":{\"hour\":9,\"minute\":59,\"second\":22,\"nano\":836450000}},\"updatedDate\":{\"date\":{\"year\":2024,\"month\":3,\"day\":1},\"time\":{\"hour\":9,\"minute\":59,\"second\":22,\"nano\":836450000}}},{\"id\":497,\"psid\":\"45219408\",\"sessionID\":\"6897eb79-a15f-5e4d-bfb2-09949ff483ce\",\"nodeSessionID\":\"46925f8d-fe76-4804-925f-8dfe76a8041f\",\"url\":\"https://www.hsbc.com/who-we-are/esg-and-responsible-business/fighting-financial-crime\",\"proxyDetails\":\"http://indpxy1.hdpi.in.hsbc:8080\",\"queueFlag\":\"Y\",\"submittedDate\":{\"date\":{\"year\":2024,\"month\":3,\"day\":1},\"time\":{\"hour\":9,\"minute\":59,\"second\":22,\"nano\":836450000}},\"updatedDate\":{\"date\":{\"year\":2024,\"month\":3,\"day\":1},\"time\":{\"hour\":9,\"minute\":59,\"second\":22,\"nano\":836450000}}},{\"id\":498,\"psid\":\"45219408\",\"sessionID\":\"6897eb79-a15f-5e4d-bfb2-09949ff483ce\",\"nodeSessionID\":\"c30cefa5-a072-402d-8cef-a5a072102dac\",\"url\":\"https://www.hsbc.com/who-we-are/esg-and-responsible-business/managing-risk\",\"proxyDetails\":\"http://indpxy1.hdpi.in.hsbc:8080\",\"queueFlag\":\"Y\",\"submittedDate\":{\"date\":{\"year\":2024,\"month\":3,\"day\":1},\"time\":{\"hour\":9,\"minute\":59,\"second\":22,\"nano\":836450000}},\"updatedDate\":{\"date\":{\"year\":2024,\"month\":3,\"day\":1},\"time\":{\"hour\":9,\"minute\":59,\"second\":22,\"nano\":836450000}}},{\"id\":499,\"psid\":\"45219408\",\"sessionID\":\"6897eb79-a15f-5e4d-bfb2-09949ff483ce\",\"nodeSessionID\":\"153a268a-23ed-4e4a-ba26-8a23ed5e4a9b\",\"url\":\"https://www.hsbc.com/who-we-are/esg-and-responsible-business/health-and-safety\",\"proxyDetails\":\"http://indpxy1.hdpi.in.hsbc:8080\",\"queueFlag\":\"Y\",\"submittedDate\":{\"date\":{\"year\":2024,\"month\":3,\"day\":1},\"time\":{\"hour\":9,\"minute\":59,\"second\":22,\"nano\":836450000}},\"updatedDate\":{\"date\":{\"year\":2024,\"month\":3,\"day\":1},\"time\":{\"hour\":9,\"minute\":59,\"second\":22,\"nano\":836450000}}},{\"id\":500,\"psid\":\"45219408\",\"sessionID\":\"6897eb79-a15f-5e4d-bfb2-09949ff483ce\",\"nodeSessionID\":\"6288da30-b9b4-451c-88da-30b9b4951c10\",\"url\":\"https://www.hsbc.com/who-we-are/esg-and-responsible-business/working-with-suppliers\",\"proxyDetails\":\"http://indpxy1.hdpi.in.hsbc:8080\",\"queueFlag\":\"Y\",\"submittedDate\":{\"date\":{\"year\":2024,\"month\":3,\"day\":1},\"time\":{\"hour\":9,\"minute\":59,\"second\":22,\"nano\":836450000}},\"updatedDate\":{\"date\":{\"year\":2024,\"month\":3,\"day\":1},\"time\":{\"hour\":9,\"minute\":59,\"second\":22,\"nano\":836450000}}},{\"id\":501,\"psid\":\"45219408\",\"sessionID\":\"6897eb79-a15f-5e4d-bfb2-09949ff483ce\",\"nodeSessionID\":\"15470ad3-dbb7-4281-870a-d3dbb7128183\",\"url\":\"https://www.hsbc.com/who-we-are/esg-and-responsible-business/modern-slavery-act\",\"proxyDetails\":\"http://indpxy1.hdpi.in.hsbc:8080\",\"queueFlag\":\"Y\",\"submittedDate\":{\"date\":{\"year\":2024,\"month\":3,\"day\":1},\"time\":{\"hour\":9,\"minute\":59,\"second\":22,\"nano\":836450000}},\"updatedDate\":{\"date\":{\"year\":2024,\"month\":3,\"day\":1},\"time\":{\"hour\":9,\"minute\":59,\"second\":22,\"nano\":836450000}}}]}","options":{"raw":{"language":"json"}}},"url":{"raw":"http://hkw20170761.hbap.adroot.hsbc:3030/webAccessibility/getBatchReports","protocol":"http","host":["hkw20170761","hbap","adroot","hsbc"],"port":"3030","path":["webAccessibility","getBatchReports"]}},"response":[]},{"name":"GET REPORT TO SAVE THE DATA IN DB","id":"4f19acc3-ab7c-44af-9462-6f121b42886d","protocolProfileBehavior":{"disableBodyPruning":true},"request":{"method":"POST","header":[],"body":{"mode":"raw","raw":"{\r\n    \"psid\": \"45219408\",\r\n    \"listOfUrls\": \"aHR0cHM6Ly93d3cuaHNiYy5jby5pbi9wcml2YWN5LXN0YXRlbWVudC98aHR0cHM6Ly93d3cuaHNiYy5jby5pbi8jdG9wLW9mLWNvbnRlbnQ=\",\r\n    \"proxyDetails\": \"aHR0cDovL2luZHB4eTEuaGRwaS5pbi5oc2JjOjgwODE=\",\r\n    \"mainUrl\": \"aHR0cHM6Ly93d3cuaHNiYy5jby5pbi8=\"\r\n}","options":{"raw":{"language":"json"}}},"url":{"raw":"http://localhost:8090/web-accessibility/getReport","protocol":"http","host":["localhost"],"port":"8090","path":["web-accessibility","getReport"]}},"response":[]},{"name":"FetchAll Report of USer","id":"7cbfd7a7-16c6-49d9-bbff-b14475d07555","protocolProfileBehavior":{"disableBodyPruning":true},"request":{"method":"GET","header":[],"url":{"raw":"http://localhost:8090/web-accessibility/reports?psid=12345678","protocol":"http","host":["localhost"],"port":"8090","path":["web-accessibility","reports"],"query":[{"key":"psid","value":"12345678"}]}},"response":[]},{"name":"FetchAll Report of USer Copy","id":"efa2d434-5fc9-42eb-9788-2e3c575a4850","protocolProfileBehavior":{"disableBodyPruning":true},"request":{"method":"GET","header":[],"url":{"raw":"https://hkw25077178.hbap.adroot.hsbc:1234/v1/api/webAccessRouter/web-accessibility/reports?psid=12345678","protocol":"https","host":["hkw25077178","hbap","adroot","hsbc"],"port":"1234","path":["v1","api","webAccessRouter","web-accessibility","reports"],"query":[{"key":"psid","value":"12345678"}]}},"response":[]}]}