{"info":{"_postman_id":"9ea0d7e9-6420-4a3e-aa07-f5ba9e8c6aa9","name":"DoctorService","schema":"https://schema.getpostman.com/json/collection/v2.1.0/collection.json"},"item":[{"name":"Save Doctor","id":"ec2a7131-c90a-46ac-9974-2c80e29e68da","protocolProfileBehavior":{"disableBodyPruning":true},"request":{"method":"POST","header":[],"body":{"mode":"raw","raw":"{\r\n    \"doctorId\": \"1\",\r\n    \"doctorName\": \"Roopal Saraswat\",\r\n    \"doctorSpecilization\": \"Medical\"\r\n}","options":{"raw":{"language":"json"}}},"url":{"raw":"{{host}}://{{hostname}}:{{doctorport}}/v1/api/doctors","protocol":"{{host}}","host":["{{hostname}}"],"port":"{{doctorport}}","path":["v1","api","doctors"]}},"response":[]},{"name":"UPdate Doctor","id":"81c9b90c-3ec3-45d8-ab66-6fd95ad31fe6","protocolProfileBehavior":{"disableBodyPruning":true},"request":{"method":"PUT","header":[],"body":{"mode":"raw","raw":"{\r\n    \"doctorId\": \"3\",\r\n    \"doctorName\": \"Madanmohan Saraswat\",\r\n    \"doctorSpecilization\": \"Medical\"\r\n}","options":{"raw":{"language":"json"}}},"url":{"raw":"{{host}}://{{hostname}}:{{doctorport}}/v1/api/doctors","protocol":"{{host}}","host":["{{hostname}}"],"port":"{{doctorport}}","path":["v1","api","doctors"]}},"response":[]},{"name":"Doctors List","id":"3b09f26f-d91e-4cb1-af53-6f0b248aedbe","protocolProfileBehavior":{"disableBodyPruning":true,"disabledSystemHeaders":{"accept":true}},"request":{"method":"GET","header":[{"key":"Accept","value":"application/xml","type":"text"}],"url":{"raw":"{{host}}://{{hostname}}:{{doctorport}}/v1/api/doctors","protocol":"{{host}}","host":["{{hostname}}"],"port":"{{doctorport}}","path":["v1","api","doctors"]}},"response":[]},{"name":"Doctors BY Specilization","id":"6c69ed94-46c6-412a-83dd-d220e7fab3a8","protocolProfileBehavior":{"disableBodyPruning":true},"request":{"method":"GET","header":[],"url":{"raw":"{{host}}://{{hostname}}:{{doctorport}}/v1/api/doctors/Medical","protocol":"{{host}}","host":["{{hostname}}"],"port":"{{doctorport}}","path":["v1","api","doctors","Medical"]}},"response":[]},{"name":"Doctors BY ID","id":"b3661882-b012-4e41-b9d6-c7953905f0f4","protocolProfileBehavior":{"disableBodyPruning":true},"request":{"method":"GET","header":[],"url":{"raw":"{{host}}://{{hostname}}:{{doctorport}}/v1/api/doctors/id/2","protocol":"{{host}}","host":["{{hostname}}"],"port":"{{doctorport}}","path":["v1","api","doctors","id","2"]}},"response":[]},{"name":"Doctor Update Specilization","id":"ce378b79-8894-4d8a-a64b-feaa3a2bc722","protocolProfileBehavior":{"disableBodyPruning":true},"request":{"method":"PATCH","header":[],"url":{"raw":"{{host}}://{{hostname}}:{{doctorport}}/v1/api/doctors?id=2&specilization=Dental","protocol":"{{host}}","host":["{{hostname}}"],"port":"{{doctorport}}","path":["v1","api","doctors"],"query":[{"key":"id","value":"2","type":"text"},{"key":"specilization","value":"Dental","type":"text"}]}},"response":[]},{"name":"Doctor Update Specilization Copy","id":"b5ef1945-3a10-4426-8ad5-51c39855f2b1","protocolProfileBehavior":{"disableBodyPruning":true},"request":{"method":"DELETE","header":[],"url":{"raw":"{{host}}://{{hostname}}:{{doctorport}}/v1/api/doctors/2","protocol":"{{host}}","host":["{{hostname}}"],"port":"{{doctorport}}","path":["v1","api","doctors","2"]}},"response":[]}]}