{"info":{"_postman_id":"a4930ed7-09b5-4929-bcb0-4f156d44c04f","name":"New Collection","schema":"https://schema.getpostman.com/json/collection/v2.1.0/collection.json"},"item":[{"name":"UPDAteBrowser","id":"467411ac-d180-405a-b87b-a6c1e12e590c","protocolProfileBehavior":{"disableBodyPruning":true},"request":{"method":"POST","header":[],"url":{"raw":"http://localhost:7107/browser/usage/update?userId=45219408&browserName=Chrome&browserVersion=108.0.5359.125&sessionId=DEEPESH_TESTING&usage=100","protocol":"http","host":["localhost"],"port":"7107","path":["browser","usage","update"],"query":[{"key":"userId","value":"45219408"},{"key":"browserName","value":"Chrome"},{"key":"browserVersion","value":"108.0.5359.125"},{"key":"sessionId","value":"DEEPESH_TESTING"},{"key":"usage","value":"100"}]}},"response":[]},{"name":"InsertBrowser","id":"15330d59-63af-45fa-a8b1-cb4dd8617806","protocolProfileBehavior":{"disableBodyPruning":true},"request":{"method":"POST","header":[],"url":{"raw":"http://localhost:7107/browser/usage/reserve?userId=45219408&browserName=Chrome&browserVersion=108.0.5359.125&sessionId=DEEPESH_TESTING","protocol":"http","host":["localhost"],"port":"7107","path":["browser","usage","reserve"],"query":[{"key":"userId","value":"45219408"},{"key":"browserName","value":"Chrome"},{"key":"browserVersion","value":"108.0.5359.125"},{"key":"sessionId","value":"DEEPESH_TESTING"}]}},"response":[]},{"name":"New Request","id":"45ac1027-839c-4a3f-b831-af3bbd67c508","protocolProfileBehavior":{"disableBodyPruning":true},"request":{"method":"POST","header":[],"url":{"raw":"http://localhost:7107/device/usage/validate?psid=45219408&udid=00008110-000249DC2E0A401E","protocol":"http","host":["localhost"],"port":"7107","path":["device","usage","validate"],"query":[{"key":"psid","value":"45219408"},{"key":"udid","value":"00008110-000249DC2E0A401E"}]}},"response":[]},{"name":"New Request","id":"c6ddfc59-ce9e-4d88-8c25-dff803dcc08e","protocolProfileBehavior":{"disableBodyPruning":true},"request":{"method":"POST","header":[],"url":{"raw":"http://hkw20170761.hbap.adroot.hsbc:7007/user/validate?psid=45294323","protocol":"http","host":["hkw20170761","hbap","adroot","hsbc"],"port":"7007","path":["user","validate"],"query":[{"key":"psid","value":"45294323"}]}},"response":[]}]}