{"info":{"_postman_id":"a9761a7e-1939-441d-8044-01ebbeaf07d2","name":"GRAPHQL","schema":"https://schema.getpostman.com/json/collection/v2.1.0/collection.json"},"item":[{"name":"New Request","id":"80c44523-53d1-4124-89e6-b3932046cb8a","protocolProfileBehavior":{"disableBodyPruning":true},"request":{"method":"POST","header":[],"url":{"raw":"http://hkw20170761.hbap.adroot.hsbc:9009/browser/update/browser/usage?userid=45219408&browserName=chrome&browserVersion=112.0.5615.138&usage=130","protocol":"http","host":["hkw20170761","hbap","adroot","hsbc"],"port":"9009","path":["browser","update","browser","usage"],"query":[{"key":"userid","value":"45219408"},{"key":"browserName","value":"chrome"},{"key":"browserVersion","value":"112.0.5615.138"},{"key":"usage","value":"130"}]}},"response":[]}]}