{"info":{"_postman_id":"b7a22cf6-8232-4edc-a771-ba428d3806ec","name":"GRAPHQL","schema":"https://schema.getpostman.com/json/collection/v2.1.0/collection.json"},"item":[{"name":"HML_NODES Copy","event":[{"listen":"test","script":{"id":"77f7156b-b3ef-491b-a93e-9c200b112910","exec":["pm.test(\"Status code is 200\", () => {\r","  pm.response.to.have.status(200);\r","});"],"type":"text/javascript"}}],"id":"848f1762-34c3-4945-a8e0-9e7028c30b32","protocolProfileBehavior":{"disableBodyPruning":true},"request":{"method":"GET","header":[],"url":{"raw":"https://digital-lab.ikp103s.cloud.hk.hsbc/mobile-management-master/hml/nodes","protocol":"https","host":["digital-lab","ikp103s","cloud","hk","hsbc"],"path":["mobile-management-master","hml","nodes"]}},"response":[]}]}