{"info":{"_postman_id":"b99a3d77-ca8b-4abe-bbd6-773e53ba73f7","name":"Utility","schema":"https://schema.getpostman.com/json/collection/v2.1.0/collection.json"},"item":[{"name":"Utility Report","id":"a9a46bdc-f887-4968-8061-9f5e1040db83","protocolProfileBehavior":{"disableBodyPruning":true},"request":{"auth":{"type":"noauth"},"method":"GET","header":[],"url":{"raw":"http://hkw25077178.HBAP.ADROOT.HSBC:9888/utilization/test/mail","protocol":"http","host":["hkw25077178","HBAP","ADROOT","HSBC"],"port":"9888","path":["utilization","test","mail"]}},"response":[]},{"name":"Utility Report Copy 2","id":"8e1bbebb-3a39-4040-a934-3990db0517b8","protocolProfileBehavior":{"disableBodyPruning":true},"request":{"auth":{"type":"noauth"},"method":"GET","header":[],"url":{"raw":"http://digital-api.hsbc-10862889-digplatform-dev.dev.gcp.cloud.uk.hsbc:8001/automation/services/jobs","protocol":"http","host":["digital-api","hsbc-10862889-digplatform-dev","dev","gcp","cloud","uk","hsbc"],"port":"8001","path":["automation","services","jobs"]}},"response":[]},{"name":"Utility Report Copy 3","id":"2e7e418e-9d58-468b-a36a-fd05db212594","protocolProfileBehavior":{"disableBodyPruning":true},"request":{"auth":{"type":"noauth"},"method":"GET","header":[],"url":{"raw":"http://{{hostname}}:{{port}}/automation/services/jobs","protocol":"http","host":["{{hostname}}"],"port":"{{port}}","path":["automation","services","jobs"]}},"response":[]},{"name":"Utility Report 624","id":"a28de4ae-3897-4efd-a35f-1db631851758","protocolProfileBehavior":{"disableBodyPruning":true},"request":{"method":"GET","header":[],"url":{"raw":"http://hkw20170761.hbap.adroot.hsbc:8888/usage/testmail","protocol":"http","host":["hkw20170761","hbap","adroot","hsbc"],"port":"8888","path":["usage","testmail"]}},"response":[]},{"name":"Utility Report production","id":"aa3b0efd-4404-4271-a85a-369d208604ee","protocolProfileBehavior":{"disableBodyPruning":true},"request":{"auth":{"type":"noauth"},"method":"POST","header":[],"url":{"raw":"http://hkw20170761.hbap.adroot.hsbc:8888/usage/testmail","protocol":"http","host":["hkw20170761","hbap","adroot","hsbc"],"port":"8888","path":["usage","testmail"]}},"response":[]},{"name":"New Request","id":"2066a5f8-ac88-448d-9289-769c7ec4a3d1","protocolProfileBehavior":{"disableBodyPruning":true},"request":{"method":"POST","header":[],"url":{"raw":"http://hkw20179519.hbap.adroot.hsbc:4444/grid/console","protocol":"http","host":["hkw20179519","hbap","adroot","hsbc"],"port":"4444","path":["grid","console"]}},"response":[]},{"name":"New Request","id":"c97d1230-1a2f-4386-ad9f-8c17591f4a3f","protocolProfileBehavior":{"disableBodyPruning":true},"request":{"auth":{"type":"noauth"},"method":"GET","header":[],"url":{"raw":"http://localhost:8888/usage/?from &to","protocol":"http","host":["localhost"],"port":"8888","path":["usage",""],"query":[{"key":"from ","value":null},{"key":"to","value":null}]}},"response":[]},{"name":"New Request","id":"5002e1ac-42fb-4cee-9fea-1878701364b2","protocolProfileBehavior":{"disableBodyPruning":true},"request":{"method":"GET","header":[],"url":{"raw":"http://hkw25014624.hbap.adroot.hsbc:8001/automation/services/deviceDetails","protocol":"http","host":["hkw25014624","hbap","adroot","hsbc"],"port":"8001","path":["automation","services","deviceDetails"]}},"response":[]}]}