{"info":{"_postman_id":"bb403db1-4a54-403e-b6a6-b976ef72b334","name":"HTTPS","schema":"https://schema.getpostman.com/json/collection/v2.1.0/collection.json"},"item":[{"name":"New Request","id":"68f355bf-3374-4568-be48-f5db29247ce7","protocolProfileBehavior":{"disableBodyPruning":true},"request":{"method":"GET","header":[],"url":{"raw":"http://digital-lab.ikp103s.cloud.hk.hsbc/addProject?projectName=testDocker1","protocol":"http","host":["digital-lab","ikp103s","cloud","hk","hsbc"],"path":["addProject"],"query":[{"key":"projectName","value":"testDocker1"}]}},"response":[]}]}