{"info":{"_postman_id":"cb20f4e4-e3dd-40e4-b977-42d1c3972e72","name":"APICollection Copy","schema":"https://schema.getpostman.com/json/collection/v2.1.0/collection.json"},"item":[{"name":"Execute Runner","id":"32988214-55aa-44eb-a482-7fdbf4dda4ac","protocolProfileBehavior":{"disableBodyPruning":true},"request":{"method":"POST","header":[{"key":"Content-Type","name":"Content-Type","value":"application/json","type":"text"}],"body":{"mode":"raw","raw":"{\r\n    \"exeType\": \"Now\",\r\n    \"scheduledTime\": \"\",\r\n    \"userEmailId\": \"santhiya.ramalingam@noexternalmail.hsbc.com\",\r\n    \"projName\": \"Digital_JMX\",\r\n    \"scriptName\": \"MobilePerformanceRun.jmx@85cabeaf-2536-43c6-8ab6-0f9ed334b7b6\",\r\n    \"testType\": \"BreakPoint\",\r\n    \"scenarioName\": \"Project_2Scenario01\",\r\n    \"description\": \"Project Description\",\r\n    \"host\": \"\",\r\n    \"sla\": \"3\",\r\n    \"slaValue\": \"\",\r\n    \"exe\": \"NOW\",\r\n    \"source\": \"Digital Platform\",\r\n    \"performanceVTFExpectedLevel\": \"null\",\r\n    \"psid\": \"null\",\r\n    \"tranSla\": {\r\n        \"Srini Testing\": 2\r\n    },\r\n    \"parameters\": {\r\n        \"NumberOfUsers\": 10,\r\n        \"RampUp\": 2,\r\n        \"RampUpSecond\": \"5\",\r\n        \"RampDown\": \"2\",\r\n        \"RampDownSecond\": \"5\",\r\n        \"DurationOfSteadyState\": \"600\"\r\n    }\r\n}"},"url":{"raw":"http://hkw20171763.hbap.adroot.hsbc:7899/api/performancev2/executeRunner","protocol":"http","host":["hkw20171763","hbap","adroot","hsbc"],"port":"7899","path":["api","performancev2","executeRunner"]},"description":"Execute runner"},"response":[]},{"name":"UploadMultiple Files","id":"1e3b4817-74e0-45c2-832a-cfde215672e3","protocolProfileBehavior":{"disableBodyPruning":true},"request":{"method":"POST","header":[],"body":{"mode":"formdata","formdata":[{"key":"userName","value":"santhiya.ramalingam@noexternalmail.hsbc.com","type":"text"},{"key":"isOverridden","value":"yes","type":"text"},{"key":"projectName","value":"Digital_JMX","type":"text"},{"key":"jmxfile","type":"file","src":"/C:/Users/45219408/Downloads/HsbcDemoJMX.jmx"}]},"url":{"raw":"http://hkw20171763.hbap.adroot.hsbc:7899/api/performancev2/uploadMultipleFiles","protocol":"http","host":["hkw20171763","hbap","adroot","hsbc"],"port":"7899","path":["api","performancev2","uploadMultipleFiles"]},"description":"Upload Multiple Files"},"response":[]},{"name":"checkStatus","id":"05b9c18d-c9e4-48d8-b6d9-6f6e75198dcd","protocolProfileBehavior":{"disableBodyPruning":true},"request":{"method":"GET","header":[],"url":{"raw":"http://hkw20171763.hbap.adroot.hsbc:7899/api/performancev2/executeStatus/21834?scriptName=MobilePerformanceRun.jmx@85cabeaf-2536-43c6-8ab6-0f9ed334b7b6","protocol":"http","host":["hkw20171763","hbap","adroot","hsbc"],"port":"7899","path":["api","performancev2","executeStatus","21834"],"query":[{"key":"scriptName","value":"MobilePerformanceRun.jmx@85cabeaf-2536-43c6-8ab6-0f9ed334b7b6"}]},"description":"For Execute Status"},"response":[]},{"name":"getReport","id":"f44d6a50-edbe-4419-b8dc-0379b3ba1595","protocolProfileBehavior":{"disableBodyPruning":true},"request":{"method":"GET","header":[],"url":{"raw":"http://hkw20171763.hbap.adroot.hsbc:7899/api/performancev2/getReportUrl/21834","protocol":"http","host":["hkw20171763","hbap","adroot","hsbc"],"port":"7899","path":["api","performancev2","getReportUrl","21834"]},"description":"Get Report Url"},"response":[]}]}