{"info":{"_postman_id":"cd936e9b-5e4e-409d-a7c1-d01fb01867e0","name":"Wrapper","schema":"https://schema.getpostman.com/json/collection/v2.1.0/collection.json"},"item":[{"name":"nodeStatus","id":"acfac3cf-2869-4312-aae1-3fc96e9eb699","protocolProfileBehavior":{"disableBodyPruning":true},"request":{"auth":{"type":"noauth"},"method":"GET","header":[],"url":{"raw":"http://hkw25014624.hbap.adroot.hsbc:8010/wrapper/serverStatus","protocol":"http","host":["hkw25014624","hbap","adroot","hsbc"],"port":"8010","path":["wrapper","serverStatus"]}},"response":[]},{"name":"Browser Available","id":"76644258-f543-4bae-85af-0d52a4e9e192","protocolProfileBehavior":{"disableBodyPruning":true},"request":{"method":"GET","header":[],"url":{"raw":"http://hkw20170761.hbap.adroot.hsbc:9010/wrapper/browserAvailable","protocol":"http","host":["hkw20170761","hbap","adroot","hsbc"],"port":"9010","path":["wrapper","browserAvailable"]}},"response":[]},{"name":"nodeStatus Copy","id":"810bb3db-86a6-4a07-93a6-47b2411ef06c","protocolProfileBehavior":{"disableBodyPruning":true},"request":{"auth":{"type":"noauth"},"method":"GET","header":[],"url":{"raw":"http://HKW25096421.hbap.adroot.hsbc:9010/wrapper/nodeStatus","protocol":"http","host":["HKW25096421","hbap","adroot","hsbc"],"port":"9010","path":["wrapper","nodeStatus"]}},"response":[]},{"name":"New Request Copy 3","id":"af94edc5-cd12-4fae-ae89-a8c2b0f648b1","protocolProfileBehavior":{"disableBodyPruning":true},"request":{"method":"POST","header":[],"url":{"raw":"https://hkw25077178.HBAP.ADROOT.HSBC:1234/v1/api/deviceAutomation/browser/usage/update?userId=45219408&browserName=chrome&browserVersion=117.0.5938.132&sessionId=5f4900ac0a2fcb9a60efccb9e44d66b2&usage=520","protocol":"https","host":["hkw25077178","HBAP","ADROOT","HSBC"],"port":"1234","path":["v1","api","deviceAutomation","browser","usage","update"],"query":[{"key":"userId","value":"45219408"},{"key":"browserName","value":"chrome"},{"key":"browserVersion","value":"117.0.5938.132"},{"key":"sessionId","value":"5f4900ac0a2fcb9a60efccb9e44d66b2"},{"key":"usage","value":"520"}]}},"response":[]},{"name":"New Request Copy 4","id":"e7740452-b1d3-45cb-8614-a9598f5a96af","protocolProfileBehavior":{"disableBodyPruning":true},"request":{"method":"POST","header":[],"url":{"raw":"https://hkw25077178.HBAP.ADROOT.HSBC:1234/v1/api/deviceAutomation/browser/usage/reserve?userId=45219408&browserName=chrome&browserVersion=117.0.5938.132&sessionId=5f4900ac0a2fcb9a60efccb9e44d66b2","protocol":"https","host":["hkw25077178","HBAP","ADROOT","HSBC"],"port":"1234","path":["v1","api","deviceAutomation","browser","usage","reserve"],"query":[{"key":"userId","value":"45219408"},{"key":"browserName","value":"chrome"},{"key":"browserVersion","value":"117.0.5938.132"},{"key":"sessionId","value":"5f4900ac0a2fcb9a60efccb9e44d66b2"}]}},"response":[]},{"name":"server status","id":"f0122556-84c0-43e0-bdae-f33d9362d550","protocolProfileBehavior":{"disableBodyPruning":true},"request":{"method":"GET","header":[],"body":{"mode":"formdata","formdata":[]},"url":{"raw":"http://hkw25096420.hbap.adroot.hsbc:9010/wrapper/serverStatus","protocol":"http","host":["hkw25096420","hbap","adroot","hsbc"],"port":"9010","path":["wrapper","serverStatus"]}},"response":[]},{"name":"New Request","id":"92457a0c-953e-43f4-86fe-07f39e6960b7","protocolProfileBehavior":{"disableBodyPruning":true,"disabledSystemHeaders":{}},"request":{"auth":{"type":"noauth"},"method":"POST","header":[{"key":"Accept-API-Version","value":"protocol=1.0,resource=2.1","type":"text"},{"key":"X-Requested-With","value":"XMLHttpRequest","type":"text"},{"key":"X-Client-Id","value":"HPP_HK","type":"text"},{"key":"X-Client-Secret","value":"hpphk@123","type":"text"}],"url":{"raw":"https://cmb-staff-dsp-uat.hk.hsbc:8443/dsp/dspAuthenticate.jsp?realm=staff&service=wdssoservice","protocol":"https","host":["cmb-staff-dsp-uat","hk","hsbc"],"port":"8443","path":["dsp","dspAuthenticate.jsp"],"query":[{"key":"realm","value":"staff"},{"key":"service","value":"wdssoservice"}]}},"response":[]},{"name":"New Request","id":"8fcece4d-254d-40d1-b116-0fdf47d96403","protocolProfileBehavior":{"disableBodyPruning":true},"request":{"method":"GET","header":[]},"response":[]},{"name":"http://hkw25077178.HBAP.ADROOT.HSBC:9007/user/details?psid=45219408","id":"bdf70801-e939-4e41-91e0-b53c9c73e20c","protocolProfileBehavior":{"disableBodyPruning":true},"request":{"method":"POST","header":[],"url":{"raw":"http://hkw25077178.HBAP.ADROOT.HSBC:9007/user/details?psid=45219408","protocol":"http","host":["hkw25077178","HBAP","ADROOT","HSBC"],"port":"9007","path":["user","details"],"query":[{"key":"psid","value":"45219408"}]}},"response":[]}]}