{"info":{"_postman_id":"db9d82d9-3af8-4570-a8ac-c0f13acc90f4","name":"BYP JMX","schema":"https://schema.getpostman.com/json/collection/v2.1.0/collection.json"},"item":[{"name":"TRIGGER PIPELINE","id":"ebbaa4f5-5218-460f-a4de-18a9f4c45ace","protocolProfileBehavior":{"disableBodyPruning":true},"request":{"method":"POST","header":[],"url":{"raw":"http://hkw25014624.hbap.adroot.hsbc:8008/byp/trigger/jmx?url=https://alm-jenkins209.hc.cloud.uk.hsbc:8706/job/gqep-automation/job/Digital_Platform/job/SampleBypPipelineNew/&token=NDUyMTk0MDg6RGVlcEAyMDIz&psid=45219408","protocol":"http","host":["hkw25014624","hbap","adroot","hsbc"],"port":"8008","path":["byp","trigger","jmx"],"query":[{"key":"url","value":"https://alm-jenkins209.hc.cloud.uk.hsbc:8706/job/gqep-automation/job/Digital_Platform/job/SampleBypPipelineNew/"},{"key":"token","value":"NDUyMTk0MDg6RGVlcEAyMDIz"},{"key":"psid","value":"45219408"}]}},"response":[]},{"name":"TRIGGER PIPELINE Copy","id":"076c3d15-5f50-4849-b8ca-7ecff600e434","protocolProfileBehavior":{"disableBodyPruning":true},"request":{"method":"POST","header":[],"url":{"raw":"http://hkw25014624.hbap.adroot.hsbc:8008/byp/trigger/jmx?url=https://alm-jenkins209.hc.cloud.uk.hsbc:8706/job/gqep-automation/job/Digital_Platform/job/SampleBypPipelineNew&token=NDUyNDI4Njg6WmFxd3N4MUAjNA==&psid=45242868","protocol":"http","host":["hkw25014624","hbap","adroot","hsbc"],"port":"8008","path":["byp","trigger","jmx"],"query":[{"key":"url","value":"https://alm-jenkins209.hc.cloud.uk.hsbc:8706/job/gqep-automation/job/Digital_Platform/job/SampleBypPipelineNew"},{"key":"token","value":"NDUyNDI4Njg6WmFxd3N4MUAjNA=="},{"key":"psid","value":"45242868"}]}},"response":[]},{"name":"updateBYP PORT","id":"f0e6d52d-bcb3-4bca-a4ee-513779dc1bff","protocolProfileBehavior":{"disableBodyPruning":true},"request":{"method":"PATCH","header":[],"body":{"mode":"formdata","formdata":[{"key":"url","value":"http://hkw20170759.hbap.adroot.hsbc:8002/view/gqep-mobile-automation/job/Final_J_TEST_JMX","type":"text"},{"key":"port","value":"5001","type":"text"}]},"url":{"raw":"http://localhost:8008/byp/register/","protocol":"http","host":["localhost"],"port":"8008","path":["byp","register",""]}},"response":[]},{"name":"New Request","id":"8f233f1f-c2aa-4d01-96d6-273825f8d690","protocolProfileBehavior":{"disableBodyPruning":true},"request":{"method":"GET","header":[],"url":{"raw":"http://localhost:4000/api/byp/test","protocol":"http","host":["localhost"],"port":"4000","path":["api","byp","test"]}},"response":[]},{"name":"New Request","id":"e4d773f3-6bce-42e4-a2d9-d474854cfe39","protocolProfileBehavior":{"disableBodyPruning":true},"request":{"method":"GET","header":[]},"response":[]},{"name":"New Request","id":"057ed4c5-3c12-4c62-b4f7-e5d9815b54f0","protocolProfileBehavior":{"disableBodyPruning":true},"request":{"method":"GET","header":[],"url":{"raw":"http://hkw20170761.hbap.adroot.hsbc:7150/api/jMeter/proxy?token=zJiuE4rjXKvwBJ4doIPXIJ2dnNvAI2Mlf8BM3Q7AYE4=HwgzdJgkSHiWBtve83h8KpnLHJk","protocol":"http","host":["hkw20170761","hbap","adroot","hsbc"],"port":"7150","path":["api","jMeter","proxy"],"query":[{"key":"token","value":"zJiuE4rjXKvwBJ4doIPXIJ2dnNvAI2Mlf8BM3Q7AYE4=HwgzdJgkSHiWBtve83h8KpnLHJk"}]}},"response":[]},{"name":"New Request Copy","id":"a40dccba-2490-4fe0-8744-5f3f5826e398","protocolProfileBehavior":{"disableBodyPruning":true},"request":{"method":"POST","header":[],"url":{"raw":"http://localhost:8150/api/jMeter/unusedPort/byp?token=ZapiQolDm73fHsxYhp8uvad5/At_00_I_00_BBTDURtBYTgrY=4cLN593nQjB1-Yjp_JOIUAY-okc","protocol":"http","host":["localhost"],"port":"8150","path":["api","jMeter","unusedPort","byp"],"query":[{"key":"token","value":"ZapiQolDm73fHsxYhp8uvad5/At_00_I_00_BBTDURtBYTgrY=4cLN593nQjB1-Yjp_JOIUAY-okc"},{"key":"proxyDetails","value":null,"disabled":true}]}},"response":[]},{"name":"JMX_RUN","id":"f60873f3-89fe-40ce-b717-e25b13907aec","protocolProfileBehavior":{"disableBodyPruning":true},"request":{"method":"POST","header":[],"body":{"mode":"formdata","formdata":[{"key":"pipelineUrl","value":"https://alm-jenkins209.hc.cloud.uk.hsbc:8706/job/gqep-automation/job/Digital_Platform/job/SampleProxyJmx/","type":"text"},{"key":"file","type":"file","src":"///hbap.adroot.hsbc/IN/HTI/PUNE/TestingPractice/MobileTestLab/AaradhyaJain/JMX_17-Jul_09.59.56_SampleProxyJmx_5001.jmx"}]},"url":{"raw":"http://localhost:8008/byp/jmx/run","protocol":"http","host":["localhost"],"port":"8008","path":["byp","jmx","run"]}},"response":[]},{"name":"New Request","id":"9f674f39-0ab1-45b8-838b-ab7d519f9125","protocolProfileBehavior":{"disableBodyPruning":true},"request":{"auth":{"type":"noauth"},"method":"POST","header":[],"url":{"raw":"http://hkw25077178.hbap.adroot.hsbc:9008/byp/trigger?url=https://alm-jenkins209.hc.cloud.uk.hsbc:8706/job/gqep-automation/job/Digital_Platform/job/DemoTestPipeline&accessToken=NDUyOTQzMjM6QWFyYWRoeSMyMjc4","protocol":"http","host":["hkw25077178","hbap","adroot","hsbc"],"port":"9008","path":["byp","trigger"],"query":[{"key":"url","value":"https://alm-jenkins209.hc.cloud.uk.hsbc:8706/job/gqep-automation/job/Digital_Platform/job/DemoTestPipeline"},{"key":"accessToken","value":"NDUyOTQzMjM6QWFyYWRoeSMyMjc4"}]}},"response":[]}]}