{"info":{"_postman_id":"e0f88cc1-b530-4d23-b74b-6af06cf814ea","name":"SpringSecurity","schema":"https://schema.getpostman.com/json/collection/v2.1.0/collection.json"},"item":[{"name":"welcome","id":"173871a3-3035-4a3e-bca8-bdaea3f405e0","protocolProfileBehavior":{"disableBodyPruning":true},"request":{"auth":{"type":"noauth"},"method":"GET","header":[],"url":{"raw":"http://localhost:7001/welcome","protocol":"http","host":["localhost"],"port":"7001","path":["welcome"]}},"response":[]},{"name":"myAccount","id":"9a45e2fe-5be3-4e68-99ba-c274373abc6f","protocolProfileBehavior":{"disableBodyPruning":true},"request":{"auth":{"type":"noauth"},"method":"GET","header":[],"url":{"raw":"http://localhost:7001/myAccount","protocol":"http","host":["localhost"],"port":"7001","path":["myAccount"]}},"response":[]},{"name":"myBalance","id":"148da23c-4837-4206-b213-3c1791fd1ad5","protocolProfileBehavior":{"disableBodyPruning":true},"request":{"auth":{"type":"noauth"},"method":"GET","header":[],"url":{"raw":"http://localhost:7001/myBalance","protocol":"http","host":["localhost"],"port":"7001","path":["myBalance"]}},"response":[]},{"name":"myLoan","id":"a9cbda8f-b06c-41fd-9281-8bccf9939b42","protocolProfileBehavior":{"disableBodyPruning":true},"request":{"auth":{"type":"noauth"},"method":"GET","header":[],"url":{"raw":"http://localhost:7001/myLoan","protocol":"http","host":["localhost"],"port":"7001","path":["myLoan"]}},"response":[]},{"name":"contact","id":"34fdd231-9ef1-4175-bea2-957ee20acf61","protocolProfileBehavior":{"disableBodyPruning":true},"request":{"auth":{"type":"noauth"},"method":"GET","header":[],"url":{"raw":"http://localhost:7001/contact","protocol":"http","host":["localhost"],"port":"7001","path":["contact"]}},"response":[]},{"name":"notice","id":"6b3cd790-69c7-4e44-90f9-666590ef741a","protocolProfileBehavior":{"disableBodyPruning":true},"request":{"auth":{"type":"noauth"},"method":"GET","header":[],"url":{"raw":"http://localhost:7001/notice","protocol":"http","host":["localhost"],"port":"7001","path":["notice"]}},"response":[]}]}