{"info":{"_postman_id":"e1b36a40-d6a6-4387-ae70-e298407d993a","name":"Device Automation Service","schema":"https://schema.getpostman.com/json/collection/v2.1.0/collection.json"},"item":[{"name":"Reserve Device","id":"0036c590-00dc-4dfc-bd43-0ebdec702cd8","protocolProfileBehavior":{"disableBodyPruning":true},"request":{"method":"POST","header":[],"body":{"mode":"raw","raw":""},"url":{"raw":"http://hkw25014624.hbap.adroot.hsbc:8107/device/usage/reserve/45299655/ZF6224BM3P/TESTSESSIONID/2023-02-14_08:17:20.194","protocol":"http","host":["hkw25014624","hbap","adroot","hsbc"],"port":"8107","path":["device","usage","reserve","45299655","ZF6224BM3P","TESTSESSIONID","2023-02-14_08:17:20.194"]}},"response":[]},{"name":"Reserve Device Copy","id":"62bedf3c-6a20-4044-99e3-7b270e97c66d","protocolProfileBehavior":{"disableBodyPruning":true},"request":{"method":"POST","header":[],"body":{"mode":"raw","raw":""},"url":{"raw":"http://localhost:8107/device/usage/reserve/12345678/ZF6224BM3P/0835e2df-8e0f-49a2-8384-4be4bb7d05/2022-12-05_12:41:27.749","protocol":"http","host":["localhost"],"port":"8107","path":["device","usage","reserve","12345678","ZF6224BM3P","0835e2df-8e0f-49a2-8384-4be4bb7d05","2022-12-05_12:41:27.749"]}},"response":[]},{"name":"Release Device","id":"24c099ff-d5f2-4f40-b906-b4295086d838","protocolProfileBehavior":{"disableBodyPruning":true},"request":{"auth":{"type":"noauth"},"method":"PUT","header":[],"url":{"raw":"http://hkw25014624.hbap.adroot.hsbc:8107/device/usage/release/TESTSESSIONID/2023-02-14_08:20:20.194","protocol":"http","host":["hkw25014624","hbap","adroot","hsbc"],"port":"8107","path":["device","usage","release","TESTSESSIONID","2023-02-14_08:20:20.194"]}},"response":[]},{"name":"ping","id":"de6462de-666f-482b-8ec9-b2b15173f7cd","protocolProfileBehavior":{"disableBodyPruning":true},"request":{"method":"GET","header":[],"url":{"raw":"http://hkw20170761.hbap.adroot.hsbc:9107/device/usage/","protocol":"http","host":["hkw20170761","hbap","adroot","hsbc"],"port":"9107","path":["device","usage",""]}},"response":[]},{"name":"GETSESSION DETAILS","id":"5ef69377-ddad-48fd-9e35-ad46c42b247d","protocolProfileBehavior":{"disableBodyPruning":true},"request":{"method":"GET","header":[],"url":{"raw":"http://localhost:8107/device/usage/test","protocol":"http","host":["localhost"],"port":"8107","path":["device","usage","test"]}},"response":[]},{"name":"GETSESSION DETAILS Copy","id":"77fd5378-cc04-45b6-8004-f703cc1400b4","protocolProfileBehavior":{"disableBodyPruning":true},"request":{"method":"POST","header":[],"url":{"raw":"http://localhost:7107/device/usage/validate?psid=45218430&udid=emulator-5554","protocol":"http","host":["localhost"],"port":"7107","path":["device","usage","validate"],"query":[{"key":"psid","value":"45218430"},{"key":"udid","value":"emulator-5554"}]}},"response":[]}]}