{"info":{"_postman_id":"e9725fde-89c9-43d1-a832-3938af84f0c4","name":"MockService","schema":"https://schema.getpostman.com/json/collection/v2.1.0/collection.json"},"item":[{"name":"New Request","id":"35d36fc9-719b-40e2-bbcd-843b7588de0a","protocolProfileBehavior":{"disableBodyPruning":true},"request":{"method":"POST","header":[],"body":{"mode":"raw","raw":"{\r\n    \"elem1\":null,\r\n    \"elem12\" :\"abc\"\r\n}","options":{"raw":{"language":"json"}}},"url":{"raw":"http://localhost:5000/demo-project/login","protocol":"http","host":["localhost"],"port":"5000","path":["demo-project","login"]}},"response":[]}]}