{"info":{"_postman_id":"ea02be9a-f89e-4727-9f10-9a90e8c75fda","name":"Automation Services","schema":"https://schema.getpostman.com/json/collection/v2.1.0/collection.json"},"item":[{"name":"RESRVE DEVICE","event":[{"listen":"test","script":{"id":"1444dcbc-693c-4d07-8313-e5bd5adc6e60","exec":["pm.test(\"Status code is 200\", function () {\r","    pm.response.to.have.status(200);\r","});\r",""],"type":"text/javascript"}}],"id":"0e88eccd-3162-4622-b8b8-bb064b123723","protocolProfileBehavior":{"disableBodyPruning":true},"request":{"method":"POST","header":[],"body":{"mode":"formdata","formdata":[{"key":"userId","value":"12345678","type":"text"},{"key":"udid","value":"a2b2a272f1ed9a1a29de64562ba63d9cb431eb85","type":"text"}]},"url":{"raw":"http://hkw25014624.hbap.adroot.hsbc:8001/automation/services/device/reserve","protocol":"http","host":["hkw25014624","hbap","adroot","hsbc"],"port":"8001","path":["automation","services","device","reserve"]}},"response":[]},{"name":"RESRVE DEVICE Copy","event":[{"listen":"test","script":{"id":"508f58c9-e077-46fa-8f13-dead8bbd2b1b","exec":["pm.test(\"Status code is 200\", function () {\r","    pm.response.to.have.status(200);\r","});\r",""],"type":"text/javascript"}}],"id":"30083588-bf02-4a0e-bea5-1812e0e5e26c","protocolProfileBehavior":{"disableBodyPruning":true},"request":{"method":"POST","header":[],"body":{"mode":"formdata","formdata":[{"key":"userId","value":"12345678","type":"text"},{"key":"udid","value":"a2b2a272f1ed9a1a29de64562ba63d9cb431eb85","type":"text"}]},"url":{"raw":"http://hkw25014624.hbap.adroot.hsbc:8001/automation/services/device/release","protocol":"http","host":["hkw25014624","hbap","adroot","hsbc"],"port":"8001","path":["automation","services","device","release"]}},"response":[]},{"name":"DeviceUSage","id":"063ca019-2b46-4e5f-b101-a113cfca7090","protocolProfileBehavior":{"disableBodyPruning":true},"request":{"method":"POST","header":[],"url":{"raw":"http://hkw25014624.hbap.adroot.hsbc:8001/automation/services/device/usage/user?psid=45294323&startDate=2022-12-02&endDate=2022-12-02","protocol":"http","host":["hkw25014624","hbap","adroot","hsbc"],"port":"8001","path":["automation","services","device","usage","user"],"query":[{"key":"psid","value":"45294323"},{"key":"startDate","value":"2022-12-02"},{"key":"endDate","value":"2022-12-02"}]}},"response":[]}]}