{"info":{"_postman_id":"ea110c07-f59c-429b-a9c4-388dc09a5793","name":"Usage","schema":"https://schema.getpostman.com/json/collection/v2.1.0/collection.json"},"item":[{"name":"BrowserUsage","id":"a7c5ae2e-0cb6-492d-82fa-c9826d74189f","protocolProfileBehavior":{"disableBodyPruning":true},"request":{"method":"POST","header":[],"url":{"raw":"http://hkw20179519.hbap.adroot.hsbc:9009/browser/get/browser/usage/user?psid=45294323&startDate=2023-01-20&endDate=2023-01-20","protocol":"http","host":["hkw20179519","hbap","adroot","hsbc"],"port":"9009","path":["browser","get","browser","usage","user"],"query":[{"key":"psid","value":"45294323"},{"key":"startDate","value":"2023-01-20"},{"key":"endDate","value":"2023-01-20"}]}},"response":[]}]}