{"info":{"_postman_id":"f2863fe8-2b1e-4ba1-a2ae-4626d7095e12","name":"FUNCOCO","schema":"https://schema.getpostman.com/json/collection/v2.1.0/collection.json"},"item":[{"name":"Create PIPELINE","id":"b98d9045-50ab-4bec-85d5-2a79edb2ee97","protocolProfileBehavior":{"disableBodyPruning":true},"request":{"auth":{"type":"noauth"},"method":"POST","header":[],"url":{"raw":"http://localhost:9011/funcoco/vtf/alm/create?referenceApiUrl=https://alm-github.systems.uk.hsbc/45219408/DummyRestAPI.git&integrationTestsUrl=https://alm-github.systems.uk.hsbc/Digital-Platform/FunCoCo-Function-Tests.git&runName=FUNCOCOTEST&psid=45219408&vtf=0&gitrefbranch=master&gitfuncbranch=testingFuncoco&hostname=hkw20170759.hbap.adroot.hsbc&port=6300&jenkinsurl=&existingpipeline=Not Available&token=&apphostname=hkw20170759.hbap.adroot.hsbc&appport=6300","protocol":"http","host":["localhost"],"port":"9011","path":["funcoco","vtf","alm","create"],"query":[{"key":"referenceApiUrl","value":"https://alm-github.systems.uk.hsbc/45219408/DummyRestAPI.git"},{"key":"integrationTestsUrl","value":"https://alm-github.systems.uk.hsbc/Digital-Platform/FunCoCo-Function-Tests.git"},{"key":"runName","value":"FUNCOCOTEST"},{"key":"psid","value":"45219408"},{"key":"vtf","value":"0"},{"key":"gitrefbranch","value":"master"},{"key":"gitfuncbranch","value":"testingFuncoco"},{"key":"hostname","value":"hkw20170759.hbap.adroot.hsbc"},{"key":"port","value":"6300"},{"key":"jenkinsurl","value":""},{"key":"existingpipeline","value":"Not Available"},{"key":"token","value":""},{"key":"apphostname","value":"hkw20170759.hbap.adroot.hsbc"},{"key":"appport","value":"6300"}]}},"response":[]},{"name":"TRIGGER PIPELINE","id":"aa1ff2d0-ef86-4c05-bb58-e22b9c38f037","protocolProfileBehavior":{"disableBodyPruning":true},"request":{"auth":{"type":"noauth"},"method":"POST","header":[],"url":{"raw":"http://localhost:9011/funcoco/alm/job/build?url=https://alm-jenkins209.hc.cloud.uk.hsbc:8706/job/gqep-automation/job/Digital_Platform/job/FUNCOCOTEST","protocol":"http","host":["localhost"],"port":"9011","path":["funcoco","alm","job","build"],"query":[{"key":"url","value":"https://alm-jenkins209.hc.cloud.uk.hsbc:8706/job/gqep-automation/job/Digital_Platform/job/FUNCOCOTEST"}]}},"response":[]}]}