{"info":{"_postman_id":"f2ad13de-db85-4aa8-a8c6-7e793402a626","name":"HML_IOS_DEVICES","schema":"https://schema.getpostman.com/json/collection/v2.1.0/collection.json"},"item":[{"name":"saveHMLIOS DEVICE","id":"3e297538-1665-4ee0-9bbb-21e44c559c38","protocolProfileBehavior":{"disableBodyPruning":true},"request":{"method":"POST","header":[],"url":{"raw":"http://localhost:8989/api/ios-hml/device?udid=device-1234&deviceName=iPhone X&platform=MAC&version=14.5&hostName=localhost&height= 1334&width= 750&controlPort= 8100&streamPort= 8200&manufacture=","protocol":"http","host":["localhost"],"port":"8989","path":["api","ios-hml","device"],"query":[{"key":"udid","value":"device-1234"},{"key":"deviceName","value":"iPhone X"},{"key":"platform","value":"MAC"},{"key":"version","value":"14.5"},{"key":"hostName","value":"localhost"},{"key":"height","value":" 1334"},{"key":"width","value":" 750"},{"key":"controlPort","value":" 8100"},{"key":"streamPort","value":" 8200"},{"key":"manufacture","value":""}]}},"response":[]}]}