{"info":{"_postman_id":"f44c70b0-9365-42bb-895d-4edf414fce17","name":"UnusedPorts","schema":"https://schema.getpostman.com/json/collection/v2.1.0/collection.json"},"item":[{"name":"GET PORT NUMBER","id":"c28e5ec0-6b80-40fd-a61f-743a7f589f6e","protocolProfileBehavior":{"disableBodyPruning":true},"request":{"auth":{"type":"noauth"},"method":"POST","header":[],"url":{"raw":"http://localhost:1235/v1/api/jmxUnusedPort/unusedPort/byp?token=S_00_R4J0Ky_00_26yEETUNvNFJpB08xf3XKjEIkuwiKtcdBQ%3DiN3gSjAnLYDs3VKvjVuejX0fz-8","protocol":"http","host":["localhost"],"port":"1235","path":["v1","api","jmxUnusedPort","unusedPort","byp"],"query":[{"key":"token","value":"S_00_R4J0Ky_00_26yEETUNvNFJpB08xf3XKjEIkuwiKtcdBQ%3DiN3gSjAnLYDs3VKvjVuejX0fz-8"}]}},"response":[]},{"name":"Unused Port Copy","id":"74647863-fb65-4467-b724-b429c217baf4","protocolProfileBehavior":{"disableBodyPruning":true},"request":{"auth":{"type":"basic","basic":[{"key":"password","value":"Deep@012023","type":"string"},{"key":"username","value":"45219408","type":"string"},{"key":"showPassword","value":false,"type":"boolean"},{"key":"saveHelperData","type":"any"}]},"method":"GET","header":[],"url":{"raw":"https://alm-jenkins218.systems.uk.hsbc:8706/job/gqep-automation/job/POC_Prakash/job/POC_Ujjawal/job/SampleProjectForBYPfeature624grid_2/config.xml","protocol":"https","host":["alm-jenkins218","systems","uk","hsbc"],"port":"8706","path":["job","gqep-automation","job","POC_Prakash","job","POC_Ujjawal","job","SampleProjectForBYPfeature624grid_2","config.xml"]}},"response":[]},{"name":"BYP TRIGGER CHECK TEST2","id":"ebfb4698-4b39-4c92-a285-28c084c64a6e","protocolProfileBehavior":{"disableBodyPruning":true},"request":{"method":"POST","header":[],"url":{"raw":"http://localhost:8008/byp/triggerNew?accessToken=NDUyMTk0MDg6RGVlcEAwMTIwMjM=&url=https://alm-jenkins209.hc.cloud.uk.hsbc:8706/job/gqep-automation/job/Digital_Platform/job/SampleBypPipeline1/","protocol":"http","host":["localhost"],"port":"8008","path":["byp","triggerNew"],"query":[{"key":"url","value":"https://alm-jenkins218.systems.uk.hsbc:8706/job/gqep-automation/job/POC_Prakash/job/POC_Ujjawal/job/SampleProjectForBYPfeature624grid_2","disabled":true},{"key":"accessToken","value":"NDUyMTk0MDg6RGVlcEAwMTIwMjM="},{"key":"url","value":"https://alm-jenkins209.hc.cloud.uk.hsbc:8706/job/gqep-automation/job/Digital_Platform/job/SampleBypPipeline1/","type":"text"}]}},"response":[]},{"name":"BYP TRIGGER CHECK NEW Copy","id":"d7ea9c03-35b0-46cb-aec1-0d257a6eb52c","protocolProfileBehavior":{"disableBodyPruning":true},"request":{"method":"POST","header":[],"url":{"raw":"http://localhost:7003/orch/byp/support/new?url=https://alm-jenkins209.hc.cloud.uk.hsbc:8706/job/gqep-automation/job/Digital_Platform/job/SampleBypPipeline1/&token=NDUyMTk0MDg6RGVlcEAwMTIwMjM=","protocol":"http","host":["localhost"],"port":"7003","path":["orch","byp","support","new"],"query":[{"key":"url","value":"https://alm-jenkins209.hc.cloud.uk.hsbc:8706/job/gqep-automation/job/Digital_Platform/job/SampleBypPipeline1/"},{"key":"token","value":"NDUyMTk0MDg6RGVlcEAwMTIwMjM="}]}},"response":[]},{"name":"UNUSED BYP CHECK Copy","id":"70abde5d-b739-4b20-a6ac-e0f37fa4f4c7","protocolProfileBehavior":{"disableBodyPruning":true},"request":{"method":"GET","header":[],"url":{"raw":"http://localhost:8150/api/jMeter/proxy?token=2kRU98/hT1iRP3Y36XJEipqbMRcjVSq9fjUHTnLyrtI=-4FMcsa0YE8EYz_VnZF4RHMs234&proxyDetails=abcdpxy1.hdpi.in.hsbc:8082","protocol":"http","host":["localhost"],"port":"8150","path":["api","jMeter","proxy"],"query":[{"key":"token","value":"2kRU98/hT1iRP3Y36XJEipqbMRcjVSq9fjUHTnLyrtI=-4FMcsa0YE8EYz_VnZF4RHMs234"},{"key":"proxyDetails","value":"abcdpxy1.hdpi.in.hsbc:8082","type":"text"}]}},"response":[]},{"name":"BYPJMX REGISTER","id":"5c4db911-4a5a-4922-9968-b343f918577d","protocolProfileBehavior":{"disableBodyPruning":true},"request":{"auth":{"type":"noauth"},"method":"POST","header":[],"body":{"mode":"formdata","formdata":[{"key":"url","value":"https://alm-jenkins209.hc.cloud.uk.hsbc:8706/job/gqep-automation/job/Digital_Platform/job/SampleBypPipeline1122/","type":"text"},{"key":"projectName","value":"TEST","type":"text"},{"key":"port","value":"6001","type":"text"}]},"url":{"raw":"http://hkw20170761.hbap.adroot.hsbc:7008/byp/register/jmx/","protocol":"http","host":["hkw20170761","hbap","adroot","hsbc"],"port":"7008","path":["byp","register","jmx",""]}},"response":[]},{"name":"updatePORTS","id":"4ce3046a-6410-4f52-82d1-184f5b570300","protocolProfileBehavior":{"disableBodyPruning":true},"request":{"method":"POST","header":[],"body":{"mode":"formdata","formdata":[{"key":"from","value":"5000","type":"text"},{"key":"to","value":"5100","type":"text"}]},"url":{"raw":"http://hkw25014624.hbap.adroot.hsbc:8150/api/jMeter/unusedPort","protocol":"http","host":["hkw25014624","hbap","adroot","hsbc"],"port":"8150","path":["api","jMeter","unusedPort"]}},"response":[]},{"name":"updateBYP PORT Copy","id":"08016ef1-bad5-46a9-81e4-7d9723d4e1f4","protocolProfileBehavior":{"disableBodyPruning":true},"request":{"method":"PATCH","header":[],"body":{"mode":"formdata","formdata":[{"key":"url","value":"https://alm-jenkins209.hc.cloud.uk.hsbc:8706/job/gqep-automation/job/Digital_Platform/job/SATest023/","type":"text"},{"key":"port","value":"6002","type":"text"}]},"url":{"raw":"http://hkw20170761.hbap.adroot.hsbc:7008/byp/register/","protocol":"http","host":["hkw20170761","hbap","adroot","hsbc"],"port":"7008","path":["byp","register",""]}},"response":[]},{"name":"Upload File","id":"86a44f04-bebf-4471-ae81-d8b5f65a18b6","protocolProfileBehavior":{"disableBodyPruning":true,"disabledSystemHeaders":{}},"request":{"method":"GET","header":[{"key":"Content-Type","value":"multipart/form-data","type":"text","disabled":true}],"url":{"raw":"http://HKW25077178.hbap.adroot.hsbc:9007/user/users","protocol":"http","host":["HKW25077178","hbap","adroot","hsbc"],"port":"9007","path":["user","users"]}},"response":[]},{"name":"TRIGGER JMX","id":"a2415fde-6250-44fb-a59c-c9199a40a77d","protocolProfileBehavior":{"disableBodyPruning":true,"disabledSystemHeaders":{}},"request":{"method":"POST","header":[{"key":"Content-Type","value":"multipart/form-data","type":"text","disabled":true}],"body":{"mode":"raw","raw":"{\r\n    \"url\":\"http://hkw20170759.hbap.adroot.hsbc:8002/view/gqep-mobile-automation/job/TESTJMXFILE2_JMX/\"\r\n\r\n}","options":{"raw":{"language":"json"}}},"url":{"raw":"http://hkw20170759.hbap.adroot.hsbc:8150/api/jMeter/trigger?psid=45219408&jobName=TESTJMXFILE2_JMX","protocol":"http","host":["hkw20170759","hbap","adroot","hsbc"],"port":"8150","path":["api","jMeter","trigger"],"query":[{"key":"psid","value":"45219408"},{"key":"jobName","value":"TESTJMXFILE2_JMX"}]}},"response":[]},{"name":"Upload File Scheduler","id":"77e6e87e-30e2-41f9-ace0-2cd60d512c2a","protocolProfileBehavior":{"disableBodyPruning":true,"disabledSystemHeaders":{"content-type":true}},"request":{"method":"POST","header":[{"key":"Content-Type","value":"multipart/form-data","type":"text","disabled":true}],"body":{"mode":"raw","raw":"{\r\n    \"psid\": \"45219408\",\r\n    \"password\": \"osQSrbN%\"\r\n}","options":{"raw":{"language":"json"}}},"url":{"raw":"http://cloudinfra-api-vm.hsbc-10862889-digplatform-dev.dev.gcp.cloud.uk.hsbc:8007/user/loginToken?psid=45219408&password=osQSrbN%","protocol":"http","host":["cloudinfra-api-vm","hsbc-10862889-digplatform-dev","dev","gcp","cloud","uk","hsbc"],"port":"8007","path":["user","loginToken"],"query":[{"key":"psid","value":"45219408"},{"key":"password","value":"osQSrbN%"}]}},"response":[]},{"name":"Download Report","id":"0746d847-ba1b-40ca-b5d0-2a10b448c381","protocolProfileBehavior":{"disableBodyPruning":true},"request":{"method":"POST","header":[],"url":{"raw":"http://hkw20170759.hbap.adroot.hsbc:8150/api/jMeter/download/report?jobName=TESTJMXFILE2_JMX","protocol":"http","host":["hkw20170759","hbap","adroot","hsbc"],"port":"8150","path":["api","jMeter","download","report"],"query":[{"key":"jobName","value":"TESTJMXFILE2_JMX"}]}},"response":[]},{"name":"new Download Report","id":"222650f0-44d7-44f7-83f9-601619e913fd","protocolProfileBehavior":{"disableBodyPruning":true},"request":{"method":"GET","header":[],"url":{"raw":"http://hkw20170761.hbap.adroot.hsbc:7150/api/jMeter/download/TESTING2_JMX","protocol":"http","host":["hkw20170761","hbap","adroot","hsbc"],"port":"7150","path":["api","jMeter","download","TESTING2_JMX"]}},"response":[]},{"name":"Download Report BYP","id":"2d8be343-63fc-4406-857b-2885cb93d2e7","protocolProfileBehavior":{"disableBodyPruning":true},"request":{"method":"GET","header":[],"url":{"raw":"http://hkw20170761.hbap.adroot.hsbc:7008/byp/download?url=https://alm-jenkins209.hc.cloud.uk.hsbc:8706/job/gqep-automation/job/Digital_Platform/job/SampleBypPipeline/","protocol":"http","host":["hkw20170761","hbap","adroot","hsbc"],"port":"7008","path":["byp","download"],"query":[{"key":"url","value":"https://alm-jenkins209.hc.cloud.uk.hsbc:8706/job/gqep-automation/job/Digital_Platform/job/SampleBypPipeline/"}]}},"response":[]},{"name":"get Jobs","id":"2e8e2b41-3e7d-487c-bf21-42fe1c522bec","protocolProfileBehavior":{"disableBodyPruning":true},"request":{"method":"GET","header":[],"url":{"raw":"http://hkw20170761.hbap.adroot.hsbc:8001/automation/services/jobs","protocol":"http","host":["hkw20170761","hbap","adroot","hsbc"],"port":"8001","path":["automation","services","jobs"]}},"response":[]},{"name":"get Jobs Copy 2","id":"575314ea-d0d9-44d3-ab3d-7daebfaff998","protocolProfileBehavior":{"disableBodyPruning":true},"request":{"method":"GET","header":[],"url":{"raw":"http://hkw20170759.hbap.adroot.hsbc:8150/api/jMeter/job","protocol":"http","host":["hkw20170759","hbap","adroot","hsbc"],"port":"8150","path":["api","jMeter","job"]}},"response":[]},{"name":"get Jobs Copy","id":"a1f20644-0e68-4755-b08b-d586ac98f3fd","protocolProfileBehavior":{"disableBodyPruning":true},"request":{"method":"GET","header":[],"url":{"raw":"http://localhost:8150/api/jMeter/job","protocol":"http","host":["localhost"],"port":"8150","path":["api","jMeter","job"]}},"response":[]},{"name":"Delete API","id":"c8e778ff-ea53-4c0f-bfed-94fdac75bf6e","protocolProfileBehavior":{"disableBodyPruning":true},"request":{"method":"GET","header":[]},"response":[]},{"name":"BYPRegister","id":"ceeec92e-972e-4237-a7a0-6e2cda08552c","protocolProfileBehavior":{"disableBodyPruning":true},"request":{"auth":{"type":"noauth"},"method":"POST","header":[],"url":{"raw":"http://hkw25014624.hbap.adroot.hsbc:8001/automation/services/htl/usage/saveData?udid=23011FDEE002D2&userId=45276085&utilization=70","protocol":"http","host":["hkw25014624","hbap","adroot","hsbc"],"port":"8001","path":["automation","services","htl","usage","saveData"],"query":[{"key":"udid","value":"23011FDEE002D2"},{"key":"userId","value":"45276085"},{"key":"utilization","value":"70"}]}},"response":[]},{"name":"GETALL BYP","id":"c05d75e6-7971-48ef-8845-c644dcb735d0","protocolProfileBehavior":{"disableBodyPruning":true},"request":{"auth":{"type":"noauth"},"method":"POST","header":[],"body":{"mode":"formdata","formdata":[{"key":"projectName","value":"TEST","type":"text"}]},"url":{"raw":"http://hkw20170761.hbap.adroot.hsbc:7008/byp/getAll","protocol":"http","host":["hkw20170761","hbap","adroot","hsbc"],"port":"7008","path":["byp","getAll"]}},"response":[]},{"name":"JMXTEST","id":"ed30ac42-c4cf-4e3d-8356-8bfff5f266f7","protocolProfileBehavior":{"disableBodyPruning":true},"request":{"method":"POST","header":[],"body":{"mode":"formdata","formdata":[{"key":"file","type":"file","src":"/C:/Users/45219408/Downloads/Conf.zip"},{"key":"jobName","value":"Testing060904","type":"text"}]},"url":{"raw":"http://localhost:8150/api/jMeter/upload/Y","protocol":"http","host":["localhost"],"port":"8150","path":["api","jMeter","upload","Y"]}},"response":[]}]}