{"info":{"_postman_id":"f756ca6c-52e1-459b-b018-a539d54a92f0","name":"ICE_UPDATE","schema":"https://schema.getpostman.com/json/collection/v2.1.0/collection.json"},"item":[{"name":"ICE UPDATE REQUEST","id":"0075d277-0805-4f3b-a59f-4fb3e6a29c22","protocolProfileBehavior":{"disableBodyPruning":true},"request":{"auth":{"type":"basic","basic":[{"key":"password","value":"5l4VoF9T18yvm6sD072mtJdFSmh1OcCeY1VhHHuPt98","type":"string"},{"key":"username","value":"45294323","type":"string"}]},"method":"PATCH","header":[],"body":{"mode":"raw","raw":"{\r\n    \"change\": {\r\n        \"requirementUrls\": [\r\n            \"https://alm-jira.systems.uk.hsbc/jira/browse/GQEP-71391\"\r\n        ],\r\n        \"independentCodeReviewUrl\": \"https://alm-github.systems.uk.hsbc/Digital-Platform/Project-User-Utilization-Mail-Report/tree/Prod_V6.3.1\",\r\n        \"businessApprovalUrl\": \"https://alm-confluence.systems.uk.hsbc/confluence/x/TKE8Z\",\r\n        \"testEvidenceUrl\": \"https://alm-confluence.systems.uk.hsbc/confluence/x/TKE8Z\",\r\n        \"postDeploymentVerificationEvidenceUrl\": \"https://alm-jira.systems.uk.hsbc/jira/browse/GQEP-71391\",\r\n        \"artifacts\": {\r\n            \"artifacts\": [\r\n                {\r\n                    \"id\": \"project-user-utilization-V6.3.1.zip\",\r\n                    \"componentId\": \"Digital Platform Service\",\r\n                    \"componentSourceCodeUrl\": \"https://alm-github.systems.uk.hsbc/Digital-Platform/Project-User-Utilization-Mail-Report/tree/Prod_V6.3.1\",\r\n                    \"version\": \"V6.3.1\",\r\n                    \"previousVersion\": \"V6.3.0\",\r\n                    \"sourceCodeUrl\": \"https://alm-github.systems.uk.hsbc/Digital-Platform/Project-User-Utilization-Mail-Report/tree/Prod_V6.3.1\",\r\n                    \"url\": \"https://nexus3.systems.uk.hsbc:8081/nexus/repository/maven-hsbc-internal-dev_n3p/com/hsbc/QEP/DigitalPlatform/project-user-utilization/V6.3.1/project-user-utilization-V6.3.1.zip\",\r\n                    \"codeReviewUrl\": \"https://alm-github.systems.uk.hsbc/Digital-Platform/Project-User-Utilization-Mail-Report/tree/Prod_V6.3.1\",\r\n                    \"vulnerabilityScanUrl\": \"https://sonatypeiq03.systems.uk.hsbc:8443/ui/links/application/ProjectUserUtilizationMail/report/1d4444acd8ba4754aeb3465b2f3b0bb9\",\r\n\t\t\t\t\t\"sastScanUrl\":\"https://cyberflows.systems.uk.hsbc/scanhistory/5ibIW30ei1KSD03Pxfz9fXi99/review/4450291\"\r\n                }\r\n            ]\r\n        },\r\n        \"vulnerabilityScanUrl\": \"https://sonatypeiq03.systems.uk.hsbc:8443/ui/links/application/ProjectUserUtilizationMail/report/1d4444acd8ba4754aeb3465b2f3b0bb9\",\r\n\t\t\"sastScanUrl\":\"https://cyberflows.systems.uk.hsbc/scanhistory/5ibIW30ei1KSD03Pxfz9fXi99/review/4450291\"\r\n    },\r\n    \"fieldsToUpdate\": [\r\n        \"requirementUrls\",\r\n        \"independentCodeReviewUrl\",\r\n        \"businessApprovalUrl\",\r\n        \"testEvidenceUrl\",\r\n        \"postDeploymentVerificationEvidenceUrl\",\r\n        \"artifacts\",\r\n        \"vulnerabilityScanUrl\",\r\n\t\t\"sastScanUrl\"\r\n    ]\r\n}","options":{"raw":{"language":"json"}}},"url":{"raw":"https://ice.it.global.hsbc/ice/api/v1/changes/CHG3246174","protocol":"https","host":["ice","it","global","hsbc"],"path":["ice","api","v1","changes","CHG3246174"]}},"response":[]},{"name":"ICE UPDATE REQUEST Copy","id":"90c43653-173e-401b-8824-9789040774b4","protocolProfileBehavior":{"disableBodyPruning":true},"request":{"auth":{"type":"basic","basic":[{"key":"username","value":"45262244","type":"string"},{"key":"password","value":"SFhgguWzgtdlZ8JoZ_MIXJ1hx8JoAq-CZs5zL-tvMSY","type":"string"}]},"method":"PATCH","header":[],"body":{"mode":"raw","raw":"{\r\n    \"change\": {\r\n        \"requirementUrls\": [\r\n            \"https://alm-jira.systems.uk.hsbc/jira/browse/GQEP-71391\"\r\n        ],\r\n        \"independentCodeReviewUrl\": \"https://alm-github.systems.uk.hsbc/Digital-Platform/Project-User-Utilization-Mail-Report/tree/Prod_V6.3.1\",\r\n        \"businessApprovalUrl\": \"https://alm-confluence.systems.uk.hsbc/confluence/x/TKE8Z\",\r\n        \"testEvidenceUrl\": \"https://alm-confluence.systems.uk.hsbc/confluence/x/TKE8Z\",\r\n        \"postDeploymentVerificationEvidenceUrl\": \"https://alm-jira.systems.uk.hsbc/jira/browse/GQEP-71391\",\r\n        \"artifacts\": {\r\n            \"artifacts\": [\r\n                {\r\n                    \"id\": \"project-user-utilization-V6.3.1.zip\",\r\n                    \"componentId\": \"Digital Platform Service\",\r\n                    \"componentSourceCodeUrl\": \"https://alm-github.systems.uk.hsbc/Digital-Platform/Project-User-Utilization-Mail-Report/tree/Prod_V6.3.1\",\r\n                    \"version\": \"V6.3.1\",\r\n                    \"previousVersion\": \"V6.3.0\",\r\n                    \"sourceCodeUrl\": \"https://alm-github.systems.uk.hsbc/Digital-Platform/Project-User-Utilization-Mail-Report/tree/Prod_V6.3.1\",\r\n                    \"url\": \"https://nexus3.systems.uk.hsbc:8081/nexus/repository/maven-hsbc-internal-dev_n3p/com/hsbc/QEP/DigitalPlatform/project-user-utilization/V6.3.1/project-user-utilization-V6.3.1.zip\",\r\n                    \"codeReviewUrl\": \"https://alm-github.systems.uk.hsbc/Digital-Platform/Project-User-Utilization-Mail-Report/tree/Prod_V6.3.1\",\r\n                    \"vulnerabilityScanUrl\": \"https://sonatypeiq03.systems.uk.hsbc:8443/ui/links/application/ProjectUserUtilizationMail/report/1d4444acd8ba4754aeb3465b2f3b0bb9\",\r\n\t\t\t\t\t\"sastScanUrl\":\"https://cyberflows.systems.uk.hsbc/scanhistory/5ibIW30ei1KSD03Pxfz9fXi99/review/4450291\"\r\n                }\r\n            ]\r\n        },\r\n        \"vulnerabilityScanUrl\": \"https://sonatypeiq03.systems.uk.hsbc:8443/ui/links/application/ProjectUserUtilizationMail/report/1d4444acd8ba4754aeb3465b2f3b0bb9\",\r\n\t\t\"sastScanUrl\":\"https://cyberflows.systems.uk.hsbc/scanhistory/5ibIW30ei1KSD03Pxfz9fXi99/review/4450291\"\r\n    },\r\n    \"fieldsToUpdate\": [\r\n        \"requirementUrls\",\r\n        \"independentCodeReviewUrl\",\r\n        \"businessApprovalUrl\",\r\n        \"testEvidenceUrl\",\r\n        \"postDeploymentVerificationEvidenceUrl\",\r\n        \"artifacts\",\r\n        \"vulnerabilityScanUrl\",\r\n\t\t\"sastScanUrl\"\r\n    ]\r\n}","options":{"raw":{"language":"json"}}},"url":{"raw":"https://ice.it.global.hsbc/ice/api/v1/changes/CHG3246174","protocol":"https","host":["ice","it","global","hsbc"],"path":["ice","api","v1","changes","CHG3246174"]}},"response":[]},{"name":"test","id":"fbad30ac-9512-447d-8c20-f80dd21caa27","protocolProfileBehavior":{"disableBodyPruning":true},"request":{"auth":{"type":"basic","basic":[{"key":"password","value":"SFhgguWzgtdlZ8JoZ_MIXJ1hx8JoAq-CZs5zL-tvMSY","type":"string"},{"key":"username","value":"45262244","type":"string"}]},"method":"GET","header":[],"url":{"raw":"https://ice.it.global.hsbc/ice/api/v1/apiUsers/test","protocol":"https","host":["ice","it","global","hsbc"],"path":["ice","api","v1","apiUsers","test"]}},"response":[]},{"name":"GET CR DETAILS","id":"4570af2d-1e89-4fe5-b7bd-e2bd1b70fdf0","protocolProfileBehavior":{"disableBodyPruning":true},"request":{"auth":{"type":"basic","basic":[{"key":"password","value":"SFhgguWzgtdlZ8JoZ_MIXJ1hx8JoAq-CZs5zL-tvMSY","type":"string"},{"key":"username","value":"45262244","type":"string"}]},"method":"GET","header":[],"url":{"raw":"https://ice.it.global.hsbc/ice/api/v1/changes/CHG2976841","protocol":"https","host":["ice","it","global","hsbc"],"path":["ice","api","v1","changes","CHG2976841"]}},"response":[]}]}