{"info":{"_postman_id":"f8a004ff-f0cd-43a3-9657-4d42b06188f2","name":"Mobilemanagement","schema":"https://schema.getpostman.com/json/collection/v2.1.0/collection.json"},"item":[{"name":"HML_NODES","event":[{"listen":"test","script":{"id":"77f7156b-b3ef-491b-a93e-9c200b112910","exec":["pm.test(\"Status code is 200\", () => {\r","  pm.response.to.have.status(200);\r","});"],"type":"text/javascript"}}],"id":"f21f6d61-4170-47b8-9949-e6c4ce943445","protocolProfileBehavior":{"disableBodyPruning":true},"request":{"method":"GET","header":[],"url":{"raw":"https://digital-lab.ikp103s.cloud.hk.hsbc/mobile-management-master/hml/nodes","protocol":"https","host":["digital-lab","ikp103s","cloud","hk","hsbc"],"path":["mobile-management-master","hml","nodes"]}},"response":[]},{"name":"Stream","event":[{"listen":"test","script":{"id":"a555f852-4904-4e0a-a44f-85fd91b382f8","exec":["pm.test(\"Status code is 206\", () => {\r","  pm.response.to.have.status(206);\r","});"],"type":"text/javascript"}}],"id":"a43f43f6-8c31-41c8-a4c5-efad859e2a4f","protocolProfileBehavior":{"disableBodyPruning":true},"request":{"method":"GET","header":[],"url":{"raw":"https://digital-lab.ikp103s.cloud.hk.hsbc/mobile-management-master/stream/RZ8M21VMRYR/mp4/338588ff-c148-4723-92c0-1340aada8d7d","protocol":"https","host":["digital-lab","ikp103s","cloud","hk","hsbc"],"path":["mobile-management-master","stream","RZ8M21VMRYR","mp4","338588ff-c148-4723-92c0-1340aada8d7d"]}},"response":[]},{"name":"download","event":[{"listen":"test","script":{"id":"e0c41c9d-0104-4850-ac26-a6f65968ac53","exec":["pm.test(\"Status code is 200\", () => {\r","  pm.response.to.have.status(200);\r","});"],"type":"text/javascript"}}],"id":"c8a1060a-a2a1-41f1-bdc1-deab1f171dc4","protocolProfileBehavior":{"disableBodyPruning":true},"request":{"method":"GET","header":[],"url":{"raw":"https://digital-lab.ikp103s.cloud.hk.hsbc/mobile-management-master/download/video/RZ8M21VMRYR/338588ff-c148-4723-92c0-1340aada8d7d","protocol":"https","host":["digital-lab","ikp103s","cloud","hk","hsbc"],"path":["mobile-management-master","download","video","RZ8M21VMRYR","338588ff-c148-4723-92c0-1340aada8d7d"]}},"response":[]},{"name":"LOGS","event":[{"listen":"test","script":{"id":"74392533-6233-4393-a1ce-a0a91e814f78","exec":["pm.test(\"Status code is 200\", () => {\r","  pm.response.to.have.status(200);\r","});"],"type":"text/javascript"}}],"id":"da318f2a-088e-4ed7-a84f-6661d003bfb9","protocolProfileBehavior":{"disableBodyPruning":true},"request":{"method":"GET","header":[],"url":{"raw":"https://digital-lab.ikp103s.cloud.hk.hsbc/mobile-management-master/device/logs/RZ8M21VMRYR/338588ff-c148-4723-92c0-1340aada8d7d","protocol":"https","host":["digital-lab","ikp103s","cloud","hk","hsbc"],"path":["mobile-management-master","device","logs","RZ8M21VMRYR","338588ff-c148-4723-92c0-1340aada8d7d"]}},"response":[]},{"name":"DOWNLOAD LOGS","event":[{"listen":"test","script":{"id":"7cbcd54b-bf89-483b-9e19-4288d3e63dcf","exec":["pm.test(\"Status code is 200\", () => {\r","  pm.response.to.have.status(200);\r","});"],"type":"text/javascript"}}],"id":"639aac4b-dbc2-4611-aa88-ab57867d119a","protocolProfileBehavior":{"disableBodyPruning":true},"request":{"method":"GET","header":[],"url":{"raw":"https://digital-lab.ikp103s.cloud.hk.hsbc/mobile-management-master/device/logs/download/RZ8M21VMRYR/338588ff-c148-4723-92c0-1340aada8d7d\n","protocol":"https","host":["digital-lab","ikp103s","cloud","hk","hsbc"],"path":["mobile-management-master","device","logs","download","RZ8M21VMRYR","338588ff-c148-4723-92c0-1340aada8d7d\n"]}},"response":[]}]}