{"info":{"_postman_id":"f91f8e98-1047-4a29-8d91-015010fea820","name":"Mobile performance","schema":"https://schema.getpostman.com/json/collection/v2.1.0/collection.json"},"item":[{"name":"Report Download API","id":"bcc7f9f2-b0dc-4037-8a48-3638cf575e71","protocolProfileBehavior":{"disableBodyPruning":true},"request":{"method":"POST","header":[],"url":{"raw":"http://localhost:9080/performance/services/report/download?runName=mobile_automation","protocol":"http","host":["localhost"],"port":"9080","path":["performance","services","report","download"],"query":[{"key":"runName","value":"mobile_automation"}]}},"response":[]},{"name":"Trigger API","id":"2a638e91-2653-4974-b5c6-264846a33cdf","protocolProfileBehavior":{"disableBodyPruning":true},"request":{"method":"POST","header":[],"body":{"mode":"formdata","formdata":[]},"url":{"raw":"http://localhost:8005/performance/services/jmeter/trigger?runName=TestMobilePerformance","protocol":"http","host":["localhost"],"port":"8005","path":["performance","services","jmeter","trigger"],"query":[{"key":"runName","value":"TestMobilePerformance"}]}},"response":[]},{"name":"Jenkins Job Creation","id":"0a30ebec-8bb9-42e8-acc6-34ccd6f2f214","protocolProfileBehavior":{"disableBodyPruning":true},"request":{"method":"POST","header":[{"key":"Content-Type","name":"Content-Type","value":"application/x-www-form-urlencoded","type":"text"}],"body":{"mode":"formdata","formdata":[{"key":"file","type":"file","src":"/C:/Users/45219408/Desktop/Mobile performance/Data.zip"}]},"url":{"raw":"http://localhost:8005/performance/services/upload/TESTING_019","protocol":"http","host":["localhost"],"port":"8005","path":["performance","services","upload","TESTING_019"]}},"response":[]},{"name":"create job api","id":"c4ae81db-4fca-4f2a-a1b4-c00ea9220568","protocolProfileBehavior":{"disableBodyPruning":true},"request":{"method":"POST","header":[{"key":"Content-Type","name":"Content-Type","value":"application/json","type":"text"}],"body":{"mode":"raw","raw":"{\r\n    \"runName\":\"mobile_automation_run_2\",\r\n    \"uid\":\"3cacb65d-23bb-44ac-8997-6c8368a269a3\",\r\n    \"totalUsers\":70,\r\n    \"mobileUsers\":30,\r\n    \"virtualUsers\":40,\r\n    \"rampUpUsers\":10,\r\n    \"rampUpDuration\":4,\r\n    \"rampDownUsers\":5,\r\n    \"rampDownDuration\":1,\r\n    \"testDuration\":240,\r\n    \"programSla\":0,\r\n    \"scheduleDate\":\"Some Date\",\r\n    \"scheduleTime\":\"Some Time\",\r\n    \"jmxFileName\":\"aeb11920-5897-4cf1-ad31-f7d649286612.jmx\",\r\n    \"dataFileName\":\"Some Data\"\r\n}\r\n"},"url":{"raw":"http://localhost:9080/performance/services/store/data","protocol":"http","host":["localhost"],"port":"9080","path":["performance","services","store","data"]}},"response":[{"id":"a17dcbbd-6ad1-4107-ac87-8b73eb5ae1c3","name":"create job api","originalRequest":{"method":"POST","header":[{"key":"Content-Type","name":"Content-Type","value":"application/json","type":"text"}],"body":{"mode":"raw","raw":"{\r\n    \"runName\":\"mobile_automation_run_2\",\r\n    \"uid\":\"3cacb65d-23bb-44ac-8997-6c8368a269a3\",\r\n    \"totalUsers\":70,\r\n    \"mobileUsers\":30,\r\n    \"virtualUsers\":40,\r\n    \"rampUpUsers\":10,\r\n    \"rampUpDuration\":4,\r\n    \"rampDownUsers\":5,\r\n    \"rampDownDuration\":1,\r\n    \"testDuration\":240,\r\n    \"programSla\":0,\r\n    \"scheduleDate\":\"Some Date\",\r\n    \"scheduleTime\":\"Some Time\",\r\n    \"jmxFileName\":\"aeb11920-5897-4cf1-ad31-f7d649286612.jmx\",\r\n    \"dataFileName\":\"Some Data\"\r\n}\r\n"},"url":{"raw":"http://localhost:9080/performance/services/store/data","protocol":"http","host":["localhost"],"port":"9080","path":["performance","services","store","data"]}},"status":"Created","code":201,"_postman_previewlanguage":"json","header":[{"key":"Vary","value":"Origin"},{"key":"Vary","value":"Access-Control-Request-Method"},{"key":"Vary","value":"Access-Control-Request-Headers"},{"key":"Content-Type","value":"application/json"},{"key":"Transfer-Encoding","value":"chunked"},{"key":"Date","value":"Tue, 11 Aug 2020 09:54:05 GMT"},{"key":"Keep-Alive","value":"timeout=60"},{"key":"Connection","value":"keep-alive"}],"cookie":[],"responseTime":null,"body":"{\n    \"result\": \"Data Populated Successfully\",\n    \"status\": true\n}"}]},{"name":"Jmeter Report API","id":"e8e365d8-2505-4cf2-9591-7841a7ad3847","protocolProfileBehavior":{"disableBodyPruning":true},"request":{"method":"GET","header":[],"url":{"raw":"http://hkw20133779:9099/api/performance/getReportUrl/3392","protocol":"http","host":["hkw20133779"],"port":"9099","path":["api","performance","getReportUrl","3392"]}},"response":[{"id":"06ae9390-2951-4df0-b1ab-948a1ffb13a7","name":"Jmeter Report API - 20-8-2020","originalRequest":{"method":"GET","header":[],"url":{"raw":"http://hkw20133781:9099/api/performance/getReportUrl/3163","protocol":"http","host":["hkw20133781"],"port":"9099","path":["api","performance","getReportUrl","3163"]}},"status":"OK","code":200,"_postman_previewlanguage":"json","header":[{"key":"Vary","value":"Origin"},{"key":"Vary","value":"Access-Control-Request-Method"},{"key":"Vary","value":"Access-Control-Request-Headers"},{"key":"Content-Type","value":"application/json"},{"key":"Transfer-Encoding","value":"chunked"},{"key":"Date","value":"Thu, 20 Aug 2020 04:36:52 GMT"},{"key":"Keep-Alive","value":"timeout=60"},{"key":"Connection","value":"keep-alive"}],"cookie":[],"responseTime":null,"body":"{\n    \"url\": \"http://hkw20133781:9080/PerfHTMLReports/MobilePlatfraomProject_20Aug2020100120_REPORT/index.html\",\n    \"apdex\": [\n        {\n            \"apdex\": null,\n            \"tolerationThreshold\": null,\n            \"frustrationThreshold\": null,\n            \"label\": null\n        }\n    ],\n    \"statistics\": [\n        {\n            \"label\": null,\n            \"samples\": null,\n            \"ko\": null,\n            \"error_percent\": null,\n            \"average\": null,\n            \"min\": null,\n            \"max\": null,\n            \"ninetythpct\": null,\n            \"throughput\": null,\n            \"recieved\": null,\n            \"sent\": null,\n            \"nintyfivepct\": null,\n            \"nintyninepct\": null\n        }\n    ],\n    \"error\": [\n        {\n            \"typeOfError\": null,\n            \"numberOfErrors\": null,\n            \"percentageInError\": null,\n            \"percentInAllSamples\": null\n        }\n    ]\n}"},{"id":"3ce1d873-0ded-4d5d-a396-3f1295cc4b90","name":"Jmeter Report API-20-8-2020","originalRequest":{"method":"GET","header":[],"url":{"raw":"http://hkw20133781:9099/api/performance/getReportUrl/3162","protocol":"http","host":["hkw20133781"],"port":"9099","path":["api","performance","getReportUrl","3162"]}},"status":"OK","code":200,"_postman_previewlanguage":"json","header":[{"key":"Vary","value":"Origin"},{"key":"Vary","value":"Access-Control-Request-Method"},{"key":"Vary","value":"Access-Control-Request-Headers"},{"key":"Content-Type","value":"application/json"},{"key":"Transfer-Encoding","value":"chunked"},{"key":"Date","value":"Thu, 20 Aug 2020 04:15:31 GMT"},{"key":"Keep-Alive","value":"timeout=60"},{"key":"Connection","value":"keep-alive"}],"cookie":[],"responseTime":null,"body":"{\n    \"url\": \"http://hkw20133781:9080/PerfHTMLReports/MobilePlatfraomProject_20Aug2020093820_REPORT/index.html\",\n    \"apdex\": [\n        {\n            \"apdex\": null,\n            \"tolerationThreshold\": null,\n            \"frustrationThreshold\": null,\n            \"label\": null\n        }\n    ],\n    \"statistics\": [\n        {\n            \"label\": null,\n            \"samples\": null,\n            \"ko\": null,\n            \"error_percent\": null,\n            \"average\": null,\n            \"min\": null,\n            \"max\": null,\n            \"ninetythpct\": null,\n            \"throughput\": null,\n            \"recieved\": null,\n            \"sent\": null,\n            \"nintyfivepct\": null,\n            \"nintyninepct\": null\n        }\n    ],\n    \"error\": [\n        {\n            \"typeOfError\": null,\n            \"numberOfErrors\": null,\n            \"percentageInError\": null,\n            \"percentInAllSamples\": null\n        }\n    ]\n}"},{"id":"548774ab-d5f5-44e0-96e5-7a467adb8d0a","name":"Jmeter Report API-14/8/2020","originalRequest":{"method":"GET","header":[],"url":{"raw":"http://hkw20133781:9099/api/performance/getReportUrl/3015","protocol":"http","host":["hkw20133781"],"port":"9099","path":["api","performance","getReportUrl","3015"]}},"status":"OK","code":200,"_postman_previewlanguage":"json","header":[{"key":"Vary","value":"Origin"},{"key":"Vary","value":"Access-Control-Request-Method"},{"key":"Vary","value":"Access-Control-Request-Headers"},{"key":"Content-Type","value":"application/json"},{"key":"Transfer-Encoding","value":"chunked"},{"key":"Date","value":"Fri, 14 Aug 2020 16:08:19 GMT"},{"key":"Keep-Alive","value":"timeout=60"},{"key":"Connection","value":"keep-alive"}],"cookie":[],"responseTime":null,"body":"{\n    \"url\": \"http://hkw20133781:9080/PerfHTMLReports/MobilePlatfraomProject_14Aug2020211129_REPORT/index.html\",\n    \"apdex\": [\n        {\n            \"apdex\": null,\n            \"tolerationThreshold\": null,\n            \"frustrationThreshold\": null,\n            \"label\": null\n        }\n    ],\n    \"statistics\": [\n        {\n            \"label\": null,\n            \"samples\": null,\n            \"ko\": null,\n            \"error_percent\": null,\n            \"average\": null,\n            \"min\": null,\n            \"max\": null,\n            \"ninetythpct\": null,\n            \"throughput\": null,\n            \"recieved\": null,\n            \"sent\": null,\n            \"nintyfivepct\": null,\n            \"nintyninepct\": null\n        }\n    ],\n    \"error\": [\n        {\n            \"typeOfError\": null,\n            \"numberOfErrors\": null,\n            \"percentageInError\": null,\n            \"percentInAllSamples\": null\n        }\n    ]\n}"},{"id":"70960210-3f49-4b12-9d5e-f518efa81986","name":"Jmeter Report API-14/8/2020","originalRequest":{"method":"GET","header":[],"url":{"raw":"http://hkw20133781:9099/api/performance/getReportUrl/3015","protocol":"http","host":["hkw20133781"],"port":"9099","path":["api","performance","getReportUrl","3015"]}},"status":"OK","code":200,"_postman_previewlanguage":"json","header":[{"key":"Vary","value":"Origin"},{"key":"Vary","value":"Access-Control-Request-Method"},{"key":"Vary","value":"Access-Control-Request-Headers"},{"key":"Content-Type","value":"application/json"},{"key":"Transfer-Encoding","value":"chunked"},{"key":"Date","value":"Fri, 14 Aug 2020 16:08:19 GMT"},{"key":"Keep-Alive","value":"timeout=60"},{"key":"Connection","value":"keep-alive"}],"cookie":[],"responseTime":null,"body":"{\n    \"url\": \"http://hkw20133781:9080/PerfHTMLReports/MobilePlatfraomProject_14Aug2020211129_REPORT/index.html\",\n    \"apdex\": [\n        {\n            \"apdex\": null,\n            \"tolerationThreshold\": null,\n            \"frustrationThreshold\": null,\n            \"label\": null\n        }\n    ],\n    \"statistics\": [\n        {\n            \"label\": null,\n            \"samples\": null,\n            \"ko\": null,\n            \"error_percent\": null,\n            \"average\": null,\n            \"min\": null,\n            \"max\": null,\n            \"ninetythpct\": null,\n            \"throughput\": null,\n            \"recieved\": null,\n            \"sent\": null,\n            \"nintyfivepct\": null,\n            \"nintyninepct\": null\n        }\n    ],\n    \"error\": [\n        {\n            \"typeOfError\": null,\n            \"numberOfErrors\": null,\n            \"percentageInError\": null,\n            \"percentInAllSamples\": null\n        }\n    ]\n}"},{"id":"7a995a55-f169-4875-aa61-c743a1b1ee2b","name":"Jmeter Report API - 19-8-2020","originalRequest":{"method":"GET","header":[],"url":{"raw":"http://hkw20133781:9099/api/performance/getReportUrl/3160","protocol":"http","host":["hkw20133781"],"port":"9099","path":["api","performance","getReportUrl","3160"]}},"status":"OK","code":200,"_postman_previewlanguage":"plain","header":[{"key":"Vary","value":"Origin"},{"key":"Vary","value":"Access-Control-Request-Method"},{"key":"Vary","value":"Access-Control-Request-Headers"},{"key":"Content-Type","value":"text/plain;charset=UTF-8"},{"key":"Content-Length","value":"79"},{"key":"Date","value":"Wed, 19 Aug 2020 15:47:13 GMT"},{"key":"Keep-Alive","value":"timeout=60"},{"key":"Connection","value":"keep-alive"}],"cookie":[],"responseTime":null,"body":"{ \"statusMessage\": \"Test has been failed or Running or Not Yet Started State \"}"},{"id":"9fee376e-b25d-4bcb-aa4a-46c3bfdf3483","name":"Jmeter Report API","originalRequest":{"method":"GET","header":[],"url":{"raw":"http://hkw20133781:9099/api/performance/getReportUrl/2757","protocol":"http","host":["hkw20133781"],"port":"9099","path":["api","performance","getReportUrl","2757"]}},"status":"OK","code":200,"_postman_previewlanguage":"json","header":[{"key":"Vary","value":"Origin"},{"key":"Vary","value":"Access-Control-Request-Method"},{"key":"Vary","value":"Access-Control-Request-Headers"},{"key":"Content-Type","value":"application/json"},{"key":"Transfer-Encoding","value":"chunked"},{"key":"Date","value":"Thu, 13 Aug 2020 11:53:41 GMT"},{"key":"Keep-Alive","value":"timeout=60"},{"key":"Connection","value":"keep-alive"}],"cookie":[],"responseTime":null,"body":"{\n    \"url\": \"http://hkw20133781:9080/PerfHTMLReports/Retest-HPP_30Jul2020155801_REPORT/index.html\",\n    \"apdex\": [\n        {\n            \"apdex\": \"0.9941077441077442\",\n            \"tolerationThreshold\": \"500\",\n            \"frustrationThreshold\": \"1500\",\n            \"label\": \"Total\"\n        },\n        {\n            \"apdex\": \"0.9915966386554622\",\n            \"tolerationThreshold\": \"500\",\n            \"frustrationThreshold\": \"1500\",\n            \"label\": \"SC01_Trans2\"\n        },\n        {\n            \"apdex\": \"0.9929775280898876\",\n            \"tolerationThreshold\": \"500\",\n            \"frustrationThreshold\": \"1500\",\n            \"label\": \"SC01_Trans3\"\n        },\n        {\n            \"apdex\": \"0.9964887640449438\",\n            \"tolerationThreshold\": \"500\",\n            \"frustrationThreshold\": \"1500\",\n            \"label\": \"SC01_Trans4\"\n        },\n        {\n            \"apdex\": \"0.9922752808988764\",\n            \"tolerationThreshold\": \"500\",\n            \"frustrationThreshold\": \"1500\",\n            \"label\": \"SC01_Trans5\"\n        },\n        {\n            \"apdex\": \"0.9971988795518207\",\n            \"tolerationThreshold\": \"500\",\n            \"frustrationThreshold\": \"1500\",\n            \"label\": \"SC01_Trans1\"\n        }\n    ],\n    \"statistics\": [\n        {\n            \"label\": \"Total\",\n            \"samples\": \"5\",\n            \"ko\": \"0\",\n            \"error_percent\": \"0.0\",\n            \"average\": \"320.6\",\n            \"min\": \"222\",\n            \"max\": \"473\",\n            \"ninetythpct\": \"473.0\",\n            \"throughput\": \"0.6015399422521656\",\n            \"recieved\": \"1.7082794453801733\",\n            \"sent\": \"0.46901317372473533\",\n            \"nintyfivepct\": \"473.0\",\n            \"nintyninepct\": \"473.0\"\n        },\n        {\n            \"label\": \"SC01_Trans2\",\n            \"samples\": \"714\",\n            \"ko\": \"0\",\n            \"error_percent\": \"0.0\",\n            \"average\": \"290.25350140056065\",\n            \"min\": \"228\",\n            \"max\": \"975\",\n            \"ninetythpct\": \"469.0\",\n            \"throughput\": \"6.729817616287289\",\n            \"recieved\": \"45.82332792838965\",\n            \"sent\": \"8.997187809274706\",\n            \"nintyfivepct\": \"488.0\",\n            \"nintyninepct\": \"507.70000000000005\"\n        },\n        {\n            \"label\": \"SC01_Trans3\",\n            \"samples\": \"712\",\n            \"ko\": \"0\",\n            \"error_percent\": \"0.0\",\n            \"average\": \"36.55056179775276\",\n            \"min\": \"9\",\n            \"max\": \"568\",\n            \"ninetythpct\": \"58.0\",\n            \"throughput\": \"6.790199986648482\",\n            \"recieved\": \"31.386178766081425\",\n            \"sent\": \"10.165406815949341\",\n            \"nintyfivepct\": \"64.35000000000002\",\n            \"nintyninepct\": \"512.0\"\n        },\n        {\n            \"label\": \"SC01_Trans4\",\n            \"samples\": \"712\",\n            \"ko\": \"0\",\n            \"error_percent\": \"0.0\",\n            \"average\": \"31.705056179775305\",\n            \"min\": \"9\",\n            \"max\": \"539\",\n            \"ninetythpct\": \"55.0\",\n            \"throughput\": \"6.790329502646512\",\n            \"recieved\": \"57.247853061966524\",\n            \"sent\": \"8.368550617519432\",\n            \"nintyfivepct\": \"61.0\",\n            \"nintyninepct\": \"80.22000000000003\"\n        },\n        {\n            \"label\": \"SC01_Trans5\",\n            \"samples\": \"712\",\n            \"ko\": \"0\",\n            \"error_percent\": \"0.0\",\n            \"average\": \"281.9775280898878\",\n            \"min\": \"222\",\n            \"max\": \"994\",\n            \"ninetythpct\": \"460.0\",\n            \"throughput\": \"6.7756609124302924\",\n            \"recieved\": \"24.954349267119966\",\n            \"sent\": \"10.738507338316744\",\n            \"nintyfivepct\": \"469.35\",\n            \"nintyninepct\": \"723.74\"\n        },\n        {\n            \"label\": \"SC01_Trans1\",\n            \"samples\": \"714\",\n            \"ko\": \"0\",\n            \"error_percent\": \"0.0\",\n            \"average\": \"43.57703081232494\",\n            \"min\": \"21\",\n            \"max\": \"575\",\n            \"ninetythpct\": \"63.0\",\n            \"throughput\": \"6.751198479562023\",\n            \"recieved\": \"70.39361935213552\",\n            \"sent\": \"6.29628373826341\",\n            \"nintyfivepct\": \"71.0\",\n            \"nintyninepct\": \"108.40000000000009\"\n        }\n    ],\n    \"error\": [\n        {\n            \"typeOfError\": null,\n            \"numberOfErrors\": null,\n            \"percentageInError\": null,\n            \"percentInAllSamples\": null\n        }\n    ]\n}"},{"id":"b3470b4b-0ad8-4d45-b333-99e613cd6a3b","name":"Jmeter Report API-14/8/2020","originalRequest":{"method":"GET","header":[],"url":{"raw":"http://hkw20133781:9099/api/performance/getReportUrl/3016","protocol":"http","host":["hkw20133781"],"port":"9099","path":["api","performance","getReportUrl","3016"]}},"status":"OK","code":200,"_postman_previewlanguage":"json","header":[{"key":"Vary","value":"Origin"},{"key":"Vary","value":"Access-Control-Request-Method"},{"key":"Vary","value":"Access-Control-Request-Headers"},{"key":"Content-Type","value":"application/json"},{"key":"Transfer-Encoding","value":"chunked"},{"key":"Date","value":"Fri, 14 Aug 2020 16:07:29 GMT"},{"key":"Keep-Alive","value":"timeout=60"},{"key":"Connection","value":"keep-alive"}],"cookie":[],"responseTime":null,"body":"{\n    \"url\": \"http://hkw20133781:9080/PerfHTMLReports/MobilePlatfraomProject_14Aug2020212328_REPORT/index.html\",\n    \"apdex\": [\n        {\n            \"apdex\": null,\n            \"tolerationThreshold\": null,\n            \"frustrationThreshold\": null,\n            \"label\": null\n        }\n    ],\n    \"statistics\": [\n        {\n            \"label\": null,\n            \"samples\": null,\n            \"ko\": null,\n            \"error_percent\": null,\n            \"average\": null,\n            \"min\": null,\n            \"max\": null,\n            \"ninetythpct\": null,\n            \"throughput\": null,\n            \"recieved\": null,\n            \"sent\": null,\n            \"nintyfivepct\": null,\n            \"nintyninepct\": null\n        }\n    ],\n    \"error\": [\n        {\n            \"typeOfError\": null,\n            \"numberOfErrors\": null,\n            \"percentageInError\": null,\n            \"percentInAllSamples\": null\n        }\n    ]\n}"},{"id":"b9e3d4eb-bd4e-4399-85a3-2e24d87a03d1","name":"Jmeter Report API-14/8/2020","originalRequest":{"method":"GET","header":[],"url":{"raw":"http://hkw20133781:9099/api/performance/getReportUrl/3017","protocol":"http","host":["hkw20133781"],"port":"9099","path":["api","performance","getReportUrl","3017"]}},"status":"OK","code":200,"_postman_previewlanguage":"json","header":[{"key":"Vary","value":"Origin"},{"key":"Vary","value":"Access-Control-Request-Method"},{"key":"Vary","value":"Access-Control-Request-Headers"},{"key":"Content-Type","value":"application/json"},{"key":"Transfer-Encoding","value":"chunked"},{"key":"Date","value":"Fri, 14 Aug 2020 16:05:53 GMT"},{"key":"Keep-Alive","value":"timeout=60"},{"key":"Connection","value":"keep-alive"}],"cookie":[],"responseTime":null,"body":"{\n    \"url\": \"http://hkw20133781:9080/PerfHTMLReports/MobilePlatfraomProject_14Aug2020213303_REPORT/index.html\",\n    \"apdex\": [\n        {\n            \"apdex\": null,\n            \"tolerationThreshold\": null,\n            \"frustrationThreshold\": null,\n            \"label\": null\n        }\n    ],\n    \"statistics\": [\n        {\n            \"label\": null,\n            \"samples\": null,\n            \"ko\": null,\n            \"error_percent\": null,\n            \"average\": null,\n            \"min\": null,\n            \"max\": null,\n            \"ninetythpct\": null,\n            \"throughput\": null,\n            \"recieved\": null,\n            \"sent\": null,\n            \"nintyfivepct\": null,\n            \"nintyninepct\": null\n        }\n    ],\n    \"error\": [\n        {\n            \"typeOfError\": null,\n            \"numberOfErrors\": null,\n            \"percentageInError\": null,\n            \"percentInAllSamples\": null\n        }\n    ]\n}"},{"id":"ebad84ad-45a7-468a-b162-1ac56d589237","name":"Jmeter Report API","originalRequest":{"method":"GET","header":[],"url":{"raw":"http://hkw20133781:9099/api/performance/getReportUrl/3160","protocol":"http","host":["hkw20133781"],"port":"9099","path":["api","performance","getReportUrl","3160"]}},"status":"OK","code":200,"_postman_previewlanguage":"plain","header":[{"key":"Vary","value":"Origin"},{"key":"Vary","value":"Access-Control-Request-Method"},{"key":"Vary","value":"Access-Control-Request-Headers"},{"key":"Content-Type","value":"text/plain;charset=UTF-8"},{"key":"Content-Length","value":"79"},{"key":"Date","value":"Wed, 19 Aug 2020 16:22:44 GMT"},{"key":"Keep-Alive","value":"timeout=60"},{"key":"Connection","value":"keep-alive"}],"cookie":[],"responseTime":null,"body":"{ \"statusMessage\": \"Test has been failed or Running or Not Yet Started State \"}"}]},{"name":"Get Runs","id":"b1316d41-a6fb-412e-a20a-9420d9edc056","protocolProfileBehavior":{"disableBodyPruning":true},"request":{"method":"GET","header":[],"url":{"raw":"http://hkw25014624.hbap.adroot.hsbc:8005/performance/services/get/runs","protocol":"http","host":["hkw25014624","hbap","adroot","hsbc"],"port":"8005","path":["performance","services","get","runs"]}},"response":[]},{"name":"Create TEST PERFORMANCE PLATFORM","id":"17ef224e-3468-40db-86c8-df970230949a","protocolProfileBehavior":{"disableBodyPruning":true},"request":{"method":"POST","header":[{"key":"Content-Type","name":"Content-Type","value":"application/json","type":"text"}],"body":{"mode":"raw","raw":"{\n    \"uid\": \"a2ad5525-2de4-4ba7-aa8f-de8c17056897\",\n    \"gitFolderName\": \"\",\n    \"fromGit\": \"false\",\n    \"projectName\": \"MobilePlatfraomProject\",\n    \"gitInstance\": \"\",\n    \"gitRepo\": \"\",\n    \"gitBranch\": \"\",\n    \"gitUser\": \"\",\n    \"gitPass\": \"\",\n    \"userMail\": \"rohit.sammanwar@noexternalmail.hsbc.com\",\n    \"gitJmxFile\": \"\",\n    \"gitDataFiles\": \"\",\n    \"desc\": \"some project\"\n}"},"url":{"raw":"http://hkw20133781:9099/api/performance/createTest","protocol":"http","host":["hkw20133781"],"port":"9099","path":["api","performance","createTest"]}},"response":[{"id":"5cf995cd-55bc-4ce9-a0a0-2b02fc47cd35","name":"Create TEST PERFORMANCE PLATFORM-14/8/2020","originalRequest":{"method":"POST","header":[{"key":"Content-Type","name":"Content-Type","value":"application/json","type":"text"}],"body":{"mode":"raw","raw":"{\n    \"uid\": \"a2ad5525-2de4-4ba7-aa8f-de8c17056897\",\n    \"gitFolderName\": \"\",\n    \"fromGit\": \"false\",\n    \"projectName\": \"MobilePlatfraomProject\",\n    \"gitInstance\": \"\",\n    \"gitRepo\": \"\",\n    \"gitBranch\": \"\",\n    \"gitUser\": \"\",\n    \"gitPass\": \"\",\n    \"userMail\": \"rohit.sammanwar@noexternalmail.hsbc.com\",\n    \"gitJmxFile\": \"\",\n    \"gitDataFiles\": \"\",\n    \"desc\": \"some project\"\n}"},"url":{"raw":"http://hkw20133781:9099/api/performance/createTest","protocol":"http","host":["hkw20133781"],"port":"9099","path":["api","performance","createTest"]}},"status":"OK","code":200,"_postman_previewlanguage":"json","header":[{"key":"Vary","value":"Origin"},{"key":"Vary","value":"Access-Control-Request-Method"},{"key":"Vary","value":"Access-Control-Request-Headers"},{"key":"Content-Type","value":"application/json"},{"key":"Transfer-Encoding","value":"chunked"},{"key":"Date","value":"Fri, 14 Aug 2020 07:24:18 GMT"},{"key":"Keep-Alive","value":"timeout=60"},{"key":"Connection","value":"keep-alive"}],"cookie":[],"responseTime":null,"body":"{\n    \"statusCode\": 200,\n    \"statusMessage\": \"Successfully Saved the Script\"\n}"}]},{"name":"Detail Mobile Report Download","id":"8c5366ad-5f47-4a9d-9ab3-18dd13142772","protocolProfileBehavior":{"disableBodyPruning":true},"request":{"method":"GET","header":[],"url":{"raw":"http://localhost:9081/performance/services/report?reportName=schedule_testing_8","protocol":"http","host":["localhost"],"port":"9081","path":["performance","services","report"],"query":[{"key":"reportName","value":"schedule_testing_8"}]}},"response":[]},{"name":"New Request","id":"7bc6a632-41c2-4580-9e7b-b7144b66edcb","protocolProfileBehavior":{"disableBodyPruning":true},"request":{"method":"POST","header":[],"url":{"raw":"http://hkw20170759.hbap.adroot.hsbc:8000/perf/data/stats?udid=R58N32BA77K&jobName=001_Mobile_M&timestamp=0","protocol":"http","host":["hkw20170759","hbap","adroot","hsbc"],"port":"8000","path":["perf","data","stats"],"query":[{"key":"udid","value":"R58N32BA77K"},{"key":"jobName","value":"001_Mobile_M"},{"key":"timestamp","value":"0"}]}},"response":[]}]}